station,jaar,temperatuur,zonneschijn,luchtdruk,neerslag,luchtvochtigheid
Valkenburg,1972,11.304897959183673,3.4444897959183676,1.016809387755102,19.208163265306123,0.8283265306122449
Valkenburg,1973,9.715342465753425,3.3764383561643836,1.0170424657534247,20.797260273972604,0.8291506849315069
Valkenburg,1974,9.848767123287672,3.155342465753425,1.013182191780822,24.76164383561644,0.8275890410958904
Valkenburg,1975,9.807397260273973,3.5783561643835617,1.0170498630136986,18.383561643835616,0.8310958904109589
Valkenburg,1976,9.89344262295082,3.8849726775956284,1.0157188524590164,13.846994535519126,0.7925409836065573
Valkenburg,1977,9.906849315068493,3.100821917808219,1.0139057534246576,19.44109589041096,0.8217534246575342
Valkenburg,1978,9.377808219178082,3.026027397260274,1.0138794520547945,18.104109589041094,0.8227945205479452
Valkenburg,1979,8.892602739726028,2.963013698630137,1.0132427397260273,24.432876712328767,0.8238630136986301
Valkenburg,1980,9.577322404371584,3.2062841530054644,1.0147065573770493,19.80054644808743,0.8284699453551913
Valkenburg,1981,9.524383561643836,2.9046575342465752,1.0143835616438357,23.397260273972602,0.8371232876712329
Valkenburg,1982,10.045205479452054,3.558904109589041,1.01550301369863,19.78904109589041,0.8177808219178082
Valkenburg,1983,10.031506849315068,3.3498630136986303,1.0159734246575343,20.328767123287673,0.8006027397260274
Valkenburg,1984,9.495081967213114,2.88551912568306,1.0144907103825136,22.953551912568305,0.8181420765027323
Valkenburg,1985,8.582739726027397,3.1402739726027398,1.0154476712328768,22.983561643835618,0.8283835616438356
Valkenburg,1986,9.083561643835617,3.586849315068493,1.0151961643835616,23.008219178082193,0.8042465753424658
Valkenburg,1987,8.99123287671233,2.9295890410958902,1.0159506849315068,24.884931506849316,0.8423835616438357
Valkenburg,1988,10.514207650273224,2.8139344262295083,1.0145415300546448,25.311475409836067,0.8241803278688524
Valkenburg,1989,10.899178082191781,3.813698630136986,1.0169534246575342,18.34246575342466,0.824027397260274
Valkenburg,1990,10.96027397260274,3.5523287671232877,1.0161345205479453,20.167123287671235,0.8078630136986301
Valkenburg,1991,9.667945205479452,3.4821917808219176,1.0175134246575341,18.706849315068492,0.8088219178082192
Valkenburg,1992,10.697540983606558,3.4852459016393444,1.0164907103825136,22.89344262295082,0.8046994535519125
Valkenburg,1993,9.813424657534247,3.5104109589041097,1.016114794520548,23.720547945205478,0.8634246575342466
Valkenburg,1994,10.783287671232877,3.7260273972602738,1.0143969863013698,23.46301369863014,0.8322465753424657
Valkenburg,1995,10.542465753424658,4.36054794520548,1.0151734246575344,19.13150684931507,0.8405205479452055
Valkenburg,1996,8.53688524590164,3.8759562841530055,1.015538524590164,17.273224043715846,0.8234153005464481
Valkenburg,1997,10.177808219178083,3.9164383561643836,1.0166172602739727,16.9013698630137,0.8283561643835616
Valkenburg,1998,10.57013698630137,3.341643835616438,1.0146753424657535,29.736986301369864,0.8567671232876712
Valkenburg,1999,11.112054794520548,3.946027397260274,1.0139123287671232,27.2986301369863,0.8221643835616438
Valkenburg,2000,11.009016393442623,3.4945355191256833,1.013542349726776,28.010928961748633,0.8421857923497268
Valkenburg,2001,10.648219178082192,3.7473972602739725,1.0147139726027397,29.553424657534247,0.8251232876712329
Valkenburg,2002,10.977260273972602,3.8194520547945205,1.014533698630137,24.405479452054795,0.825945205479452
Valkenburg,2003,10.544109589041096,4.556438356164383,1.0170898630136986,17.994520547945207,0.8001369863013699
Valkenburg,2004,10.492622950819673,3.6904371584699454,1.0153311475409836,26.21311475409836,0.8207650273224044
Valkenburg,2005,10.688767123287672,3.9942465753424656,1.016821095890411,22.756164383561643,0.8301917808219178
Valkenburg,2006,11.142739726027397,3.8438356164383563,1.0156734246575343,23.386301369863013,0.8113150684931507
Valkenburg,2007,11.25123287671233,3.715890410958904,1.0159372602739727,24.994520547945207,0.8204657534246576
Valkenburg,2008,10.628688524590164,3.8819672131147542,1.0143516393442622,27.172131147540984,0.817896174863388
Valkenburg,2009,10.546027397260273,4.111232876712329,1.013948493150685,21.97808219178082,0.8222465753424657
Valkenburg,2010,9.114794520547946,3.8526027397260276,1.0137328767123288,24.53150684931507,0.8272054794520548
Valkenburg,2011,10.985479452054795,4.2005479452054795,1.016363287671233,22.284931506849315,0.819068493150685
Valkenburg,2012,10.422131147540984,3.8486338797814206,1.0151103825136611,24.483606557377048,0.827568306010929
Valkenburg,2013,9.863287671232877,3.8268493150684932,1.0152169863013698,22.101369863013698,0.8032328767123288
Valkenburg,2014,11.797260273972602,4.007123287671233,1.013184109589041,21.85753424657534,0.8163561643835616
Valkenburg,2015,10.914794520547945,4.043013698630137,1.017125205479452,22.46849315068493,0.812
Valkenburg,2016,6.223577235772358,4.044715447154472,1.0116731707317073,26.26829268292683,0.8200813008130081
Voorschoten,2014,12.714201183431953,3.6615384615384614,1.0143786982248522,24.23076923076923,0.8482840236686391
Voorschoten,2015,10.830136986301369,4.011232876712329,1.0171975342465753,24.882191780821916,0.8172328767123288
Voorschoten,2016,10.771311475409837,4.146448087431694,1.0159254098360655,22.781420765027324,0.8279781420765028
Voorschoten,2017,10.971232876712328,3.9723287671232876,1.0160364383561644,29.4027397260274,0.81
Voorschoten,2018,11.081643835616438,4.438630136986301,1.015322191780822,18.33150684931507,0.8104657534246575
Voorschoten,2019,4.192857142857143,2.4523809523809526,1.0139428571428573,28.38095238095238,0.8690476190476191
De Kooy,1957,9.855616438356165,3.2739726027397262,1.0154446575342466,21.87123287671233,0.8243013698630137
De Kooy,1958,9.181095890410958,3.169041095890411,1.0137476712328768,20.068493150684933,0.8377260273972603
De Kooy,1959,10.218082191780821,4.0389041095890414,1.0159323287671234,16.04931506849315,0.8126027397260274
De Kooy,1960,9.477322404371584,2.7581967213114753,1.0123174863387978,25.852459016393443,0.8362021857923497
De Kooy,1961,9.716712328767123,3.3572602739726025,1.0146991780821917,22.578082191780823,0.8394520547945206
De Kooy,1962,8.061917808219178,3.1331506849315067,1.0152205479452054,19.134246575342466,0.8312328767123288
De Kooy,1963,7.446849315068493,3.416986301369863,1.014231506849315,19.835616438356166,0.8515890410958904
De Kooy,1964,8.857650273224044,3.4833333333333334,1.0163811475409836,19.02185792349727,0.8330601092896175
De Kooy,1965,8.587945205479452,3.4054794520547946,1.0122115068493152,24.602739726027398,0.8401095890410959
De Kooy,1966,9.07123287671233,2.8835616438356166,1.0118715068493151,28.03835616438356,0.8430958904109589
De Kooy,1967,10.026027397260274,3.2553424657534245,1.0138868493150686,23.613698630136987,0.8164657534246575
De Kooy,1968,8.971857923497268,2.974863387978142,1.014014480874317,25.10655737704918,0.8379781420765028
De Kooy,1969,8.98986301369863,3.206027397260274,1.013655890410959,18.216438356164385,0.8310958904109589
De Kooy,1970,8.996712328767124,3.3747945205479453,1.012928493150685,21.82191780821918,0.825041095890411
De Kooy,1971,9.689315068493151,3.3049315068493152,1.0162734246575342,16.002739726027396,0.8242465753424657
De Kooy,1972,8.888251366120219,3.2560109289617487,1.015243169398907,16.07377049180328,0.8493715846994535
De Kooy,1973,9.407123287671233,3.4364383561643836,1.0166967123287671,19.221917808219178,0.8637808219178083
De Kooy,1974,9.61972602739726,3.3115068493150686,1.0128520547945206,23.49041095890411,0.8543287671232876
De Kooy,1975,9.692328767123287,3.5523287671232877,1.0168479452054795,20.493150684931507,0.8352876712328767
De Kooy,1976,9.509016393442623,3.75327868852459,1.0155612021857923,15.5,0.8212021857923497
De Kooy,1977,9.546027397260273,3.0202739726027397,1.0134150684931507,17.13972602739726,0.8507123287671233
De Kooy,1978,9.148219178082192,3.046027397260274,1.0134460273972603,16.9013698630137,0.8352054794520548
De Kooy,1979,8.281643835616439,3.0512328767123287,1.0128057534246575,23.27123287671233,0.8557808219178082
De Kooy,1980,9.243715846994535,3.248360655737705,1.0142183060109289,23.540983606557376,0.8336612021857923
De Kooy,1981,9.245479452054795,2.892602739726027,1.0137402739726027,22.126027397260273,0.8403835616438357
De Kooy,1982,9.723287671232876,3.6202739726027398,1.0150038356164384,20.534246575342465,0.8449315068493151
De Kooy,1983,9.854794520547944,3.3635616438356166,1.0153920547945205,21.095890410958905,0.8347945205479452
De Kooy,1984,9.424043715846995,2.9079234972677597,1.0142065573770491,20.038251366120218,0.8222677595628415
De Kooy,1985,8.444109589041096,3.004109589041096,1.0150372602739726,20.673972602739727,0.8462465753424657
De Kooy,1986,8.70082191780822,3.6315068493150684,1.0148619178082192,19.53972602739726,0.8387945205479452
De Kooy,1987,8.612876712328767,2.983013698630137,1.0156772602739725,20.397260273972602,0.8425753424657534
De Kooy,1988,10.232513661202185,2.8633879781420766,1.0139948087431694,22.661202185792348,0.8283606557377049
De Kooy,1989,10.733150684931507,3.806301369863014,1.016621095890411,17.33150684931507,0.8153424657534246
De Kooy,1990,10.867671232876713,3.5342465753424657,1.0154838356164384,19.621917808219177,0.8063561643835616
De Kooy,1991,9.567945205479452,3.490958904109589,1.0171931506849314,17.912328767123288,0.8202739726027397
De Kooy,1992,10.547814207650273,3.6765027322404373,1.0158333333333334,23.270491803278688,0.8210109289617487
De Kooy,1993,9.402191780821918,3.5723287671232877,1.0157375342465753,21.09041095890411,0.8647671232876712
De Kooy,1994,10.484931506849316,3.643835616438356,1.0138945205479453,23.621917808219177,0.8458904109589042
De Kooy,1995,10.286027397260273,4.249315068493151,1.014818904109589,19.27123287671233,0.8434246575342466
De Kooy,1996,8.342622950819672,3.9295081967213115,1.0155049180327869,16.76775956284153,0.8351639344262295
De Kooy,1997,10.007397260273972,3.9326027397260273,1.016372602739726,15.56986301369863,0.8473424657534246
De Kooy,1998,10.242191780821917,3.3578082191780823,1.0139917808219179,26.96986301369863,0.8587397260273972
De Kooy,1999,10.975342465753425,4.09972602739726,1.01333698630137,25.654794520547945,0.8473698630136987
De Kooy,2000,10.683879781420766,3.414207650273224,1.0129087431693988,24.25136612021858,0.8468032786885246
De Kooy,2001,10.426849315068493,3.9805479452054793,1.0142890410958905,24.323287671232876,0.8377808219178082
De Kooy,2002,10.751506849315069,3.876986301369863,1.0141972602739726,24.156164383561645,0.8406849315068493
De Kooy,2003,10.578630136986302,4.664109589041096,1.0168775342465752,13.93972602739726,0.8099178082191781
De Kooy,2004,10.612568306010928,3.7133879781420767,1.014766393442623,22.338797814207652,0.8198360655737705
De Kooy,2005,10.677808219178083,4.04958904109589,1.0163819178082192,23.586301369863012,0.8306027397260274
De Kooy,2006,11.193424657534246,3.8728767123287673,1.0152493150684931,21.97808219178082,0.8138082191780822
De Kooy,2007,11.231506849315068,3.9676712328767123,1.015467397260274,21.86027397260274,0.8342191780821918
De Kooy,2008,10.613934426229509,4.252732240437158,1.0138868852459015,25.016393442622952,0.8120218579234972
De Kooy,2009,10.527671232876711,4.214246575342465,1.0136016438356164,17.076712328767123,0.8106027397260274
De Kooy,2010,8.95917808219178,3.8846575342465752,1.0135819178082193,20.802739726027397,0.8218356164383561
De Kooy,2011,10.695890410958905,4.018082191780822,1.0158876712328768,21.83013698630137,0.8201369863013699
De Kooy,2012,10.175409836065574,3.969945355191257,1.0146010928961748,22.28688524590164,0.8206557377049181
De Kooy,2013,9.692602739726027,4.073698630136986,1.0149142465753425,16.71232876712329,0.8242465753424657
De Kooy,2014,11.698082191780822,4.1597260273972605,1.0128019178082193,21.63013698630137,0.8363835616438356
De Kooy,2015,10.855890410958905,4.130410958904109,1.0164246575342466,23.476712328767125,0.8215890410958904
De Kooy,2016,10.900273224043715,4.348360655737705,1.0154065573770492,20.0327868852459,0.825
De Kooy,2017,11.06082191780822,3.9816438356164383,1.0152501369863014,23.224657534246575,0.8075342465753425
De Kooy,2018,11.093698630136986,4.458630136986302,1.0149852054794521,16.24109589041096,0.8091232876712329
De Kooy,2019,4.583333333333333,2.4714285714285715,1.0127761904761905,16,0.8580952380952381
Schiphol,1971,9.642191780821918,3.3405479452054796,1.0163572602739726,14.219178082191782,0.8222739726027397
Schiphol,1972,8.947267759562841,3.166393442622951,1.0152193989071039,17.270491803278688,0.8370765027322404
Schiphol,1973,9.791232876712328,3.277260273972603,1.0170624657534246,21.476712328767125,0.8423561643835616
Schiphol,1974,10.08054794520548,3.0857534246575344,1.0133597260273972,21.53698630136986,0.8436712328767123
Schiphol,1975,10.138356164383561,3.4808219178082194,1.017092602739726,15.36986301369863,0.8392876712328767
Schiphol,1976,9.984699453551913,3.732513661202186,1.0158073770491802,13.349726775956285,0.799672131147541
Schiphol,1977,10.012054794520548,2.9205479452054792,1.0140361643835616,20.75890410958904,0.83
Schiphol,1978,9.128767123287671,2.8389041095890413,1.0139983561643835,18.605479452054794,0.8376712328767123
Schiphol,1979,8.604383561643836,2.8638356164383563,1.0133471232876712,23.613698630136987,0.852
Schiphol,1980,9.42431693989071,3.091803278688525,1.0146713114754098,19.237704918032787,0.8276775956284153
Schiphol,1981,9.42849315068493,2.8364383561643836,1.0143030136986302,22.734246575342464,0.8309863013698631
Schiphol,1982,10.034246575342467,3.4627397260273973,1.015495890410959,18.43013698630137,0.8293150684931507
Schiphol,1983,9.967671232876713,3.328767123287671,1.0159019178082191,23.93972602739726,0.842904109589041
Schiphol,1984,9.334972677595628,2.8420765027322403,1.0144797814207651,23.010928961748633,0.8634699453551913
Schiphol,1985,8.561643835616438,3.043835616438356,1.0153556164383561,22.28219178082192,0.8728767123287671
Schiphol,1986,8.9586301369863,3.3956164383561642,1.0152210958904109,21.865753424657534,0.8283287671232876
Schiphol,1987,9.016164383561645,2.8898630136986303,1.0159391780821918,22.301369863013697,0.8442465753424657
Schiphol,1988,10.393169398907103,2.84672131147541,1.0144685792349726,25.10928961748634,0.8495628415300547
Schiphol,1989,10.79041095890411,3.764931506849315,1.016893698630137,18.087671232876712,0.8334520547945206
Schiphol,1990,10.893150684931507,3.5342465753424657,1.016036712328767,20.75890410958904,0.8181369863013699
Schiphol,1991,9.42027397260274,3.4183561643835616,1.0175057534246574,18.345205479452055,0.8486575342465753
Schiphol,1992,10.568306010928962,3.6259562841530055,1.0163439890710382,23.387978142076502,0.8387158469945355
Schiphol,1993,9.624109589041096,3.4553424657534246,1.0160668493150684,25.794520547945204,0.8597534246575342
Schiphol,1994,10.597260273972603,3.5334246575342467,1.0143657534246575,26.123287671232877,0.8382465753424657
Schiphol,1995,10.486849315068493,4.092602739726027,1.015162191780822,18.484931506849314,0.8307123287671233
Schiphol,1996,8.583060109289617,3.667486338797814,1.0155770491803278,17.1448087431694,0.8169945355191257
Schiphol,1997,10.275068493150686,3.6926027397260275,1.0166523287671232,17.84931506849315,0.8341095890410959
Schiphol,1998,10.57123287671233,3.063013698630137,1.0146172602739727,32.8,0.8437534246575342
Schiphol,1999,11.097260273972603,3.6542465753424658,1.0138353424657534,27.454794520547946,0.8240821917808219
Schiphol,2000,10.985245901639344,3.2527322404371586,1.013502732240437,28.811475409836067,0.8427322404371584
Schiphol,2001,10.613150684931506,3.3942465753424655,1.0146558904109588,27.96712328767123,0.8357808219178082
Schiphol,2002,10.933972602739725,3.550958904109589,1.0145238356164383,25.583561643835615,0.8163013698630137
Schiphol,2003,10.68027397260274,4.443835616438356,1.0170164383561644,17.742465753424657,0.7884657534246575
Schiphol,2004,10.698360655737705,3.4707650273224044,1.0151754098360655,25.562841530054644,0.8057650273224044
Schiphol,2005,10.938904109589041,3.8953424657534246,1.016718904109589,23.394520547945206,0.812931506849315
Schiphol,2006,11.338630136986302,3.741917808219178,1.0156060273972602,25.873972602739727,0.794958904109589
Schiphol,2007,11.42027397260274,3.736986301369863,1.015828219178082,25.605479452054794,0.8148493150684931
Schiphol,2008,10.78497267759563,3.835792349726776,1.0143191256830602,22.34153005464481,0.8120491803278689
Schiphol,2009,10.697260273972603,3.9923287671232877,1.0139265753424658,19.61917808219178,0.8029041095890411
Schiphol,2010,9.230684931506849,3.6701369863013698,1.0136649315068493,20.317808219178083,0.8098630136986301
Schiphol,2011,11.044931506849315,4.006575342465753,1.0163178082191782,21.254794520547946,0.8031780821917808
Schiphol,2012,10.395081967213114,3.697540983606557,1.015034699453552,26.475409836065573,0.8125956284153005
Schiphol,2013,9.926027397260274,3.800821917808219,1.0151583561643835,21.695890410958903,0.7966027397260274
Schiphol,2014,11.79945205479452,3.9227397260273973,1.0131731506849315,22.61917808219178,0.8192328767123288
Schiphol,2015,10.973424657534247,4.025205479452055,1.017028493150685,24.24931506849315,0.8064657534246575
Schiphol,2016,10.921584699453552,4.094262295081967,1.0157890710382513,23.56830601092896,0.8123497267759563
Schiphol,2017,11.116712328767123,3.72986301369863,1.0158238356164384,25.635616438356163,0.8024109589041096
Schiphol,2018,11.505753424657534,4.360821917808219,1.0152117808219179,15.32054794520548,0.7780547945205479
Schiphol,2019,4.059523809523809,2.3095238095238093,1.0136357142857142,19.428571428571427,0.8645238095238095
Hoorn (Terschelling),1994,12.580841121495327,3.749532710280374,1.0150280373831775,26.705607476635514,0.8545327102803738
Hoorn (Terschelling),1995,9.684657534246575,4.34,1.0146495890410958,22.85753424657534,0.8517808219178082
Hoorn (Terschelling),1996,7.8759562841530055,4.158469945355192,1.0156196721311475,17.046448087431695,0.8665573770491803
Hoorn (Terschelling),1997,9.534520547945206,3.9276712328767123,1.0163158904109588,18.117808219178084,0.8707123287671232
Hoorn (Terschelling),1998,9.895616438356164,3.4405479452054792,1.013707397260274,24.21917808219178,0.8808493150684932
Hoorn (Terschelling),1999,10.556986301369863,4.016164383561644,1.0131079452054794,25.013698630136986,0.855013698630137
Hoorn (Terschelling),2000,10.336065573770492,3.447814207650273,1.0127382513661203,25.737704918032787,0.8692896174863388
Hoorn (Terschelling),2001,9.987671232876712,4.035342465753424,1.0140983561643835,26.34246575342466,0.858986301369863
Hoorn (Terschelling),2002,10.357909604519774,3.9480225988700566,1.014377966101695,21.07909604519774,0.8643502824858758
Hoorn (Terschelling),2003,9.963561643835616,4.543835616438356,1.0166317808219179,16.775342465753425,0.8411506849315068
Hoorn (Terschelling),2004,10.137431693989072,3.7866120218579233,1.0143243169398908,24.71311475409836,0.848551912568306
Hoorn (Terschelling),2005,10.212054794520547,4.002191780821918,1.015974794520548,20.82191780821918,0.8456438356164384
Hoorn (Terschelling),2006,10.696100278551532,3.914484679665738,1.0149431754874652,19.596100278551532,0.84128133704735375
Hoorn (Terschelling),2007,10.867123287671232,3.91013698630137,1.0150254794520548,22.693150684931506,0.8524657534246576
Hoorn (Terschelling),2008,10.327049180327869,4.288524590163934,1.0135204918032787,25.653005464480874,0.8370765027322404
Hoorn (Terschelling),2009,10.173698630136986,4.1627397260273975,1.0133602739726026,19.59178082191781,0.832054794520548
Hoorn (Terschelling),2010,8.587945205479452,3.9164383561643836,1.0133249315068493,21.21095890410959,0.8450684931506849
Hoorn (Terschelling),2011,10.084383561643836,4.084657534246575,1.0155071232876713,20.945205479452056,0.8535342465753425
Hoorn (Terschelling),2012,9.8180327868852455,3.8300546448087434,1.014351912568306,25.92622950819672,0.8516666666666667
Hoorn (Terschelling),2013,9.258904109589041,3.947945205479452,1.0148468493150684,18.854794520547944,0.837013698630137
Hoorn (Terschelling),2014,11.222739726027397,4.151232876712329,1.0125986301369863,19.654794520547945,0.850986301369863
Hoorn (Terschelling),2015,10.370194986072423,4.142339832869081,1.0161974930362117,22.270194986072422,0.8427019498607242
Hoorn (Terschelling),2016,10.43224043715847,4.371857923497267,1.015273224043716,19.284153005464482,0.8526229508196721
Hoorn (Terschelling),2017,10.507945205479452,3.967123287671233,1.014998904109589,24.997260273972604,0.8373424657534246
Hoorn (Terschelling),2018,10.501643835616438,4.463013698630137,1.0150375342465754,15.66027397260274,0.8416164383561644
Hoorn (Terschelling),2019,4.161904761904762,2.3380952380952382,1.012154761904762,17.023809523809526,0.888095238095238
De Bilt,1950,9.22931506849315,3.267671232876712,1.0139495890410959,26.07123287671233,0.821013698630137
De Bilt,1951,9.618082191780822,3.3495890410958906,1.0122964383561643,22.161643835616438,0.8359452054794521
De Bilt,1952,8.855464480874318,3.3046448087431695,1.0138631147540984,21.915300546448087,0.8456284153005464
De Bilt,1953,9.713972602739727,3.0931506849315067,1.018145205479452,16.367123287671234,0.8484109589041096
De Bilt,1954,9.043013698630137,3.018082191780822,1.0134616438356165,22.40821917808219,0.8038904109589041
De Bilt,1955,8.805205479452054,3.424931506849315,1.0148857534246576,18.164383561643834,0.8275890410958904
De Bilt,1956,8.14808743169399,2.976502732240437,1.0164639344262296,20.44808743169399,0.8046448087431693
De Bilt,1957,9.90958904109589,3.0457534246575344,1.015630410958904,25.416438356164385,0.8372602739726027
De Bilt,1958,9.3613698630137,2.926027397260274,1.0139027397260274,22.676712328767124,0.8539452054794521
De Bilt,1959,10.153972602739726,4.094520547945206,1.0161490410958904,14.67945205479452,0.7966575342465754
De Bilt,1960,9.689890710382514,2.8133879781420763,1.0125844262295083,25.37431693989071,0.8257650273224044
De Bilt,1961,9.852876712328767,3.1084931506849314,1.0151468493150686,25.353424657534248,0.8538356164383561
De Bilt,1962,8.130684931506849,2.990958904109589,1.0158610958904108,20.545205479452054,0.8216164383561644
De Bilt,1963,7.873698630136986,3.0972602739726027,1.0147728767123287,21.279452054794522,0.8291232876712329
De Bilt,1964,9.063934426229508,3.1633879781420764,1.0168341530054645,20.76775956284153,0.8163934426229508
De Bilt,1965,8.672328767123288,3.2495890410958905,1.0129087671232877,31.55890410958904,0.8288493150684931
De Bilt,1966,9.401095890410959,2.711232876712329,1.0127350684931506,31.45205479452055,0.8301643835616438
De Bilt,1967,9.915616438356164,3.103013698630137,1.0150701369863013,23.372602739726027,0.8125753424657535
De Bilt,1968,9.160109289617486,2.785792349726776,1.014633606557377,23.42896174863388,0.8225136612021858
De Bilt,1969,9.263835616438357,3.171780821917808,1.0142279452054794,20.457534246575342,0.8005205479452054
De Bilt,1970,9.141643835616438,3.1002739726027397,1.0138528767123287,24.89041095890411,0.813068493150685
De Bilt,1971,9.520821917808219,3.3265753424657536,1.0166106849315069,15.391780821917807,0.8083561643835616
De Bilt,1972,8.855737704918033,3.1715846994535517,1.0155494535519125,17.934426229508198,0.8211748633879782
De Bilt,1973,9.308219178082192,3.306027397260274,1.0172213698630137,21.364383561643837,0.8232054794520548
De Bilt,1974,9.707945205479453,3.143013698630137,1.0135087671232876,27.197260273972603,0.8383287671232876
De Bilt,1975,9.841758241758242,3.4494505494505496,1.0171892857142857,17.442307692307693,0.8153571428571429
De Bilt,1976,9.986065573770492,3.6527322404371585,1.015761475409836,14.653005464480874,0.7957103825136612
De Bilt,1977,9.868767123287672,2.889041095890411,1.014034794520548,22.273972602739725,0.8419726027397261
De Bilt,1978,9.058904109589042,2.764109589041096,1.0140402739726027,17.632876712328766,0.8188493150684931
De Bilt,1979,8.552054794520547,2.7915068493150685,1.0134301369863015,23.92054794520548,0.8245205479452055
De Bilt,1980,9.249180327868853,3.0068306010928962,1.0147325136612022,23.546448087431695,0.8056010928961749
De Bilt,1981,9.260821917808219,2.757808219178082,1.0144835616438357,27.205479452054796,0.826931506849315
De Bilt,1982,10.07945205479452,3.447123287671233,1.0156865753424658,16.457534246575342,0.8061917808219178
De Bilt,1983,10.150410958904109,3.316986301369863,1.0160917808219179,22.682191780821917,0.8147397260273973
De Bilt,1984,9.465573770491803,2.976229508196721,1.0146590163934426,22.385245901639344,0.8276229508196721
De Bilt,1985,8.59068493150685,2.9367123287671233,1.0155268493150684,19.19178082191781,0.8392876712328767
De Bilt,1986,9.06082191780822,3.22,1.015524109589041,19.61917808219178,0.8053972602739726
De Bilt,1987,8.877260273972603,2.7824657534246575,1.0162542465753426,25.383561643835616,0.82
De Bilt,1988,10.365027322404371,2.524863387978142,1.0147453551912569,24.166666666666668,0.8137158469945355
De Bilt,1989,10.793150684931506,3.5936986301369864,1.0170394520547945,18.117808219178084,0.7928767123287671
De Bilt,1990,10.904383561643836,3.3315068493150686,1.0162764383561644,19.58082191780822,0.789068493150685
De Bilt,1991,9.567671232876712,3.300821917808219,1.0176764383561643,17.753424657534246,0.8050958904109589
De Bilt,1992,10.551912568306012,3.335245901639344,1.0166150273224044,25.07650273224044,0.8114480874316939
De Bilt,1993,9.656164383561643,3.149315068493151,1.0162356164383561,24.0986301369863,0.8286575342465753
De Bilt,1994,10.638904109589042,3.27972602739726,1.0145975342465754,28.087671232876712,0.8321095890410959
De Bilt,1995,10.473972602739726,3.8775342465753426,1.0152279452054795,19.986301369863014,0.8252602739726027
De Bilt,1996,8.579234972677595,3.4505464480874317,1.0155677595628416,15.729508196721312,0.8139344262295082
De Bilt,1997,10.291232876712328,3.6101369863013697,1.016791506849315,20.36986301369863,0.8289041095890411
De Bilt,1998,10.422739726027396,2.950958904109589,1.0148583561643836,33.961643835616435,0.8554246575342466
De Bilt,1999,10.940547945205479,3.6210958904109587,1.0140934246575342,24.698630136986303,0.8276986301369863
De Bilt,2000,10.896994535519125,3.244808743169399,1.013815300546448,25.475409836065573,0.8362021857923497
De Bilt,2001,10.395342465753425,3.4394520547945207,1.014854794520548,28.46301369863014,0.8344109589041095
De Bilt,2002,10.755342465753424,3.653972602739726,1.0147156164383562,25.315068493150687,0.8268219178082192
De Bilt,2003,10.384383561643835,4.330684931506849,1.0171786301369863,16.786301369863015,0.7958356164383562
De Bilt,2004,10.352185792349728,3.4120218579234973,1.0153784153005465,23.48087431693989,0.8198907103825137
De Bilt,2005,10.684931506849315,3.873150684931507,1.0168260273972602,23.915068493150685,0.8202465753424657
De Bilt,2006,11.235068493150685,3.6284931506849314,1.0157457534246574,22.112328767123287,0.8104109589041096
De Bilt,2007,11.225753424657535,3.5956164383561644,1.0159032876712328,26.057534246575344,0.8227123287671233
De Bilt,2008,10.609016393442623,3.723224043715847,1.0145273224043716,24.057377049180328,0.8116393442622951
De Bilt,2009,10.53068493150685,3.868219178082192,1.0140816438356164,21.284931506849315,0.8058082191780822
De Bilt,2010,9.163561643835616,3.635068493150685,1.0136753424657534,22.610958904109587,0.8024931506849315
De Bilt,2011,10.933972602739725,3.8567123287671232,1.0164657534246575,24.904109589041095,0.8093698630136986
De Bilt,2012,10.37103825136612,3.4243169398907103,1.0152617486338797,23.997267759562842,0.8131420765027323
De Bilt,2013,9.846849315068493,3.48,1.0153008219178081,22.663013698630138,0.7957808219178082
De Bilt,2014,11.714246575342466,3.8265753424657536,1.013415616438356,23.915068493150685,0.809945205479452
De Bilt,2015,10.903287671232876,3.9293150684931506,1.0172901369863014,23.378082191780823,0.7952876712328767
De Bilt,2016,10.70327868852459,3.894262295081967,1.0159715846994535,22.896174863387976,0.8141803278688524
De Bilt,2017,10.965753424657533,3.5013698630136987,1.0160405479452055,25.958904109589042,0.8048767123287671
De Bilt,2018,11.401643835616438,4.304109589041095,1.0153758904109589,15.945205479452055,0.7749315068493151
De Bilt,2019,3.8119047619047617,2.197619047619048,1.0139214285714286,30.285714285714285,0.8652380952380953
Soesterberg,1993,3.360655737704918,2.1540983606557376,1.0124377049180329,39.49180327868852,0.9119672131147541
Soesterberg,1994,10.456164383561644,3.265753424657534,1.0145539726027397,29.15068493150685,0.8336164383561644
Soesterberg,1995,10.145205479452056,3.8997260273972603,1.0152257534246576,19.693150684931506,0.8383835616438357
Soesterberg,1996,8.296994535519126,3.3762295081967215,1.0155726775956284,16.87431693989071,0.809207650273224
Soesterberg,1997,10.021095890410958,3.5863013698630137,1.0167235616438357,19.947945205479453,0.8142465753424658
Soesterberg,1998,10.075068493150685,2.938904109589041,1.0147879452054795,31.326027397260273,0.8470958904109589
Soesterberg,1999,10.658904109589042,3.6082191780821917,1.0140194520547945,24.610958904109587,0.8227671232876712
Soesterberg,2000,10.643715846994535,3.1316939890710382,1.013747267759563,25.05464480874317,0.8419945355191257
Soesterberg,2001,10.143835616438356,3.2904109589041095,1.0147994520547945,28.243835616438357,0.8378356164383561
Soesterberg,2002,10.584931506849315,3.564109589041096,1.0147142465753425,24.4986301369863,0.8138630136986301
Soesterberg,2003,10.37068493150685,4.380821917808219,1.0171649315068494,17.594520547945205,0.78761643835616435
Soesterberg,2004,10.289617486338798,3.3704918032786884,1.0153734972677595,24.281420765027324,0.816448087431694
Soesterberg,2005,10.532967032967033,3.8505494505494506,1.0168667582417583,18.53846153846154,0.8236813186813187
Soesterberg,2006,11.072876712328767,3.5312328767123287,1.0158131506849315,22.80821917808219,0.8030958904109589
Soesterberg,2007,8.952380952380953,3.642857142857143,1.015039455782313,26.31972789115646,0.7918367346938776
Soesterberg,2008,10.531081081081082,3.790990990990991,1.0142274774774775,22.86036036036036,0.7922972972972973
Lelystad,1992,11.04858757062147,3.504519774011299,1.0140254237288135,26.88135593220339,0.8956497175141243
Lelystad,1993,9.137673130193907,3.3168975069252076,1.0163252077562326,25.437673130193907,0.8653739612188366
Lelystad,1994,10.173972602739726,3.5,1.0143980821917808,25.994520547945207,0.8478356164383561
Lelystad,1995,10.061095890410959,4.04958904109589,1.0150769863013698,20.684931506849313,0.8476164383561644
Lelystad,1996,8.18551912568306,3.586885245901639,1.0155803278688524,15.478142076502733,0.8374043715846995
Lelystad,1997,9.972876712328768,3.7454794520547945,1.0165923287671232,16.616438356164384,0.849972602739726
Lelystad,1998,10.146027397260275,3.1591780821917808,1.0144997260273974,31.427397260273974,0.8713424657534247
Lelystad,1999,10.634246575342466,3.929041095890411,1.0137778082191782,21.78082191780822,0.841013698630137
Lelystad,2000,10.648633879781421,3.3549180327868853,1.0134751366120218,24.688524590163933,0.8490437158469946
Lelystad,2001,10.2,3.5276712328767124,1.0146257534246574,29.38082191780822,0.8611506849315068
Lelystad,2002,10.467945205479452,3.70986301369863,1.0145698630136986,25.994520547945207,0.842904109589041
Lelystad,2003,10.084383561643836,4.49972602739726,1.0170572602739727,16.926027397260274,0.7943835616438356
Lelystad,2004,10.152185792349727,3.5183060109289617,1.0151292349726775,26.128415300546447,0.827896174863388
Lelystad,2005,10.387671232876713,4.055616438356164,1.016618904109589,23.147945205479452,0.8282739726027397
Lelystad,2006,10.823835616438355,3.7104109589041094,1.0155945205479453,20.912328767123288,0.8281643835616438
Lelystad,2007,10.959726027397261,3.6167123287671235,1.0156972602739727,23.90958904109589,0.844054794520548
Lelystad,2008,10.328688524590165,3.7827868852459017,1.0142693989071039,23.866120218579233,0.8280601092896175
Lelystad,2009,10.327945205479452,3.8602739726027395,1.0138739726027397,21.317808219178083,0.8196986301369863
Lelystad,2010,8.786575342465753,3.571780821917808,1.0136035616438357,22.575342465753426,0.8341369863013699
Lelystad,2011,10.564931506849316,3.791780821917808,1.016304109589041,22.28767123287671,0.827068493150685
Lelystad,2012,10.00327868852459,3.5737704918032787,1.015064480874317,23.84153005464481,0.8177595628415301
Lelystad,2013,9.504657534246576,3.5632876712328767,1.0151424657534247,21.312328767123287,0.8146301369863014
Lelystad,2014,11.471506849315068,3.770684931506849,1.0131898630136986,20.432876712328767,0.8303287671232876
Lelystad,2015,10.6,3.8528767123287673,1.0169246575342465,24.208219178082192,0.8237534246575342
Lelystad,2016,10.40327868852459,3.8562841530054643,1.0157715846994535,20.314207650273225,0.8342349726775956
Lelystad,2017,10.792054794520547,3.7435616438356165,1.015732602739726,24.794520547945204,0.8171780821917808
Lelystad,2018,11.311780821917809,4.415890410958904,1.015258082191781,15.021917808219179,0.7821095890410958
Lelystad,2019,3.738095238095238,2.395238095238095,1.0133309523809524,18.833333333333332,0.8652380952380953
Leeuwarden,1974,11.163551401869158,3.1850467289719626,1.0116509345794393,27.94392523364486,0.8803271028037383
Leeuwarden,1975,9.42849315068493,3.371232876712329,1.0167369863013698,17.389041095890413,0.872027397260274
Leeuwarden,1976,9.152732240437158,3.566120218579235,1.015503005464481,13.368852459016393,0.8497267759562841
Leeuwarden,1977,9.210684931506849,2.8435616438356166,1.013315890410959,18.893150684931506,0.8786849315068493
Leeuwarden,1978,8.636164383561644,2.7926027397260276,1.0134109589041096,18.276712328767122,0.8517808219178082
Leeuwarden,1979,8.08904109589041,2.8213698630136985,1.0128435616438356,22.471232876712328,0.8541369863013698
Leeuwarden,1980,8.9724043715847,3.0256830601092894,1.0140535519125684,22.42896174863388,0.8402732240437158
Leeuwarden,1981,8.967123287671233,2.6986301369863015,1.0135331506849314,19.156164383561645,0.8498630136986302
Leeuwarden,1982,9.457260273972603,3.475890410958904,1.01494,17.994520547945207,0.844986301369863
Leeuwarden,1983,9.742739726027397,3.226849315068493,1.0152123287671233,21.194520547945206,0.829917808219178
Leeuwarden,1984,8.970491803278689,2.685245901639344,1.0142109289617487,21.972677595628415,0.8452185792349727
Leeuwarden,1985,8.148219178082192,2.814246575342466,1.0149304109589041,20.83013698630137,0.8685479452054794
Leeuwarden,1986,8.291780821917808,3.3589041095890413,1.0148923287671232,20.76986301369863,0.8548493150684932
Leeuwarden,1987,8.253424657534246,2.807123287671233,1.0158,22.08219178082192,0.8599178082191781
Leeuwarden,1988,10.012568306010929,2.734426229508197,1.013948087431694,24.8551912568306,0.8491530054644809
Leeuwarden,1989,9.92554945054945,3.556043956043956,1.0165675824175824,17.936813186813186,0.8343681318681319
Leeuwarden,1990,10.081643835616438,3.354246575342466,1.0152843835616439,23.506849315068493,0.8328767123287671
Leeuwarden,1991,8.938356164383562,3.3942465753424655,1.0171430136986301,16.36986301369863,0.8371780821917808
Leeuwarden,1992,9.953551912568306,3.4724043715846995,1.0157890710382513,22.459016393442624,0.8373770491803278
Leeuwarden,1993,3.1564516129032256,2.206451612903226,1.0118645161290323,28.629032258064516,0.9446774193548387
Leeuwarden,1994,9.847945205479451,3.5775342465753424,1.01384301369863,26.12876712328767,0.8512602739726027
Leeuwarden,1995,9.470958904109589,4.07013698630137,1.0147394520547945,25.279452054794522,0.8625479452054795
Leeuwarden,1996,7.6797814207650275,3.8027322404371584,1.0156767759562841,15.620218579234972,0.8425683060109289
Leeuwarden,1997,9.413424657534247,3.75972602739726,1.0164268493150685,17.73972602739726,0.8545753424657534
Leeuwarden,1998,9.664383561643836,3.21013698630137,1.0139709589041095,25.835616438356166,0.8675616438356164
Leeuwarden,1999,10.247945205479452,3.8564383561643836,1.0133145205479452,25.052054794520547,0.8658630136986302
Leeuwarden,2000,10.195901639344262,3.266120218579235,1.012972131147541,24.71311475409836,0.8511475409836066
Leeuwarden,2001,9.694794520547946,3.615068493150685,1.0142517808219178,27.186301369863013,0.8640547945205479
Leeuwarden,2002,10.16904109589041,3.493150684931507,1.014258904109589,27.106849315068494,0.8485753424657534
Leeuwarden,2003,9.849589041095891,4.353972602739726,1.0167958904109589,17.616438356164384,0.8250958904109589
Leeuwarden,2004,9.980054644808742,3.593169398907104,1.0145765027322404,29.24590163934426,0.8547814207650273
Leeuwarden,2005,10.101917808219177,3.8706849315068492,1.0161860273972603,22.01095890410959,0.8312876712328767
Leeuwarden,2006,10.61068493150685,3.677260273972603,1.0152041095890412,22.115068493150684,0.8346849315068493
Leeuwarden,2007,10.701643835616439,3.8663013698630135,1.015232602739726,27.602739726027398,0.8383287671232876
Leeuwarden,2008,10.10327868852459,4.046174863387978,1.013793169398907,27.295081967213115,0.8312021857923497
Leeuwarden,2009,9.964383561643835,3.992054794520548,1.0135547945205479,20.23013698630137,0.8361095890410959
Leeuwarden,2010,8.424109589041096,3.6936986301369865,1.0134419178082192,22.28767123287671,0.8417808219178082
Leeuwarden,2011,10.25123287671233,3.838630136986301,1.0157383561643836,22.33150684931507,0.8255068493150685
Leeuwarden,2012,9.656830601092896,3.755191256830601,1.0144795081967213,28.483606557377048,0.8352459016393443
Leeuwarden,2013,9.161917808219178,3.804109589041096,1.014911780821918,19.147945205479452,0.814958904109589
Leeuwarden,2014,11.133972602739727,4.022465753424657,1.01284,18.394520547945206,0.8363287671232876
Leeuwarden,2015,10.263013698630138,3.910958904109589,1.0163076712328767,22.893150684931506,0.8370958904109589
Leeuwarden,2016,10.148360655737704,4.1521857923497265,1.0154084699453552,19.002732240437158,0.8380054644808743
Leeuwarden,2017,10.314246575342466,3.6726027397260275,1.0151421917808219,22.627397260273973,0.8374246575342466
Leeuwarden,2018,10.67123287671233,4.372876712328767,1.0150936986301369,16.70958904109589,0.806931506849315
Leeuwarden,2019,3.580952380952381,2.238095238095238,1.0121738095238095,18.666666666666668,0.8802380952380953
Deelen,1982,12.186879432624114,3.3432624113475176,1.0150982269503546,17.588652482269502,0.7661347517730497
Deelen,1983,10.002465753424657,3.146027397260274,1.0161438356164383,25.03287671232877,0.7788219178082192
Deelen,1984,9.076229508196722,2.5898907103825137,1.0146846994535519,25.30054644808743,0.8037978142076503
Deelen,1985,8.077808219178083,2.719178082191781,1.0156013698630137,20.92876712328767,0.8234794520547946
Deelen,1986,8.66958904109589,2.9778082191780824,1.0156753424657534,22.378082191780823,0.8023561643835616
Deelen,1987,8.427671232876712,2.5983561643835618,1.0163372602739726,25.643835616438356,0.8244383561643835
Deelen,1988,9.896448087431693,2.40655737704918,1.0148040983606557,23.530054644808743,0.8136065573770492
Deelen,1989,10.414794520547945,3.398904109589041,1.0171920547945206,17.95068493150685,0.7932328767123288
Deelen,1990,10.36958904109589,3.1345205479452054,1.0163561643835617,25.846575342465755,0.800054794520548
Deelen,1991,9.233972602739726,3.1794520547945204,1.0178216438356165,18.753424657534246,0.7995890410958905
Deelen,1992,10.251092896174864,3.1224043715846994,1.016774863387978,25.647540983606557,0.8092896174863388
Deelen,1993,9.332328767123288,3.1153424657534248,1.0162723287671234,27.27123287671233,0.8368493150684931
Deelen,1994,10.351232876712329,3.199178082191781,1.0146578082191782,29.008219178082193,0.8328767123287671
Deelen,1995,9.927747252747253,3.760164835164835,1.0152532967032968,21.060439560439562,0.8311813186813187
Deelen,1996,8.068306010928962,3.2852459016393443,1.0156040983606558,17.166666666666668,0.8095901639344262
Deelen,1997,9.85013698630137,3.4797260273972603,1.0167561643835616,19.03013698630137,0.8232876712328767
Deelen,1998,9.952054794520548,2.8863013698630136,1.0148723287671233,30.97808219178082,0.8649589041095891
Deelen,1999,10.588219178082191,3.563013698630137,1.0140967123287672,21.01095890410959,0.8211232876712329
Deelen,2000,10.594808743169398,3.1051912568306013,1.013851912568306,25.75409836065574,0.8407103825136613
Deelen,2001,10.100821917808219,3.3717808219178083,1.0148093150684931,29.802739726027397,0.8339726027397261
Deelen,2002,10.456986301369863,3.4186301369863012,1.0147586301369862,25.457534246575342,0.827041095890411
Deelen,2003,10.290958904109589,4.268767123287671,1.0172528767123288,18.383561643835616,0.7856164383561643
Deelen,2004,9.988251366120219,3.2811475409836066,1.0154849726775956,24.311475409836067,0.8165573770491803
Deelen,2005,10.294794520547946,3.7643835616438355,1.0168835616438356,22.90684931506849,0.8074246575342465
Deelen,2006,10.802465753424658,3.3575342465753426,1.0159117808219178,21.15068493150685,0.8024383561643835
Deelen,2007,10.654794520547945,3.3189041095890413,1.0159517808219178,27.484931506849314,0.8311506849315069
Deelen,2008,10.083606557377049,3.5560109289617485,1.0145978142076502,23.147540983606557,0.8231147540983607
Deelen,2009,10.14109589041096,3.6526027397260274,1.0141221917808219,21.101369863013698,0.807917808219178
Deelen,2010,8.705479452054794,3.4136986301369863,1.0136556164383561,23.816438356164383,0.815068493150685
Deelen,2011,10.546027397260273,3.787671232876712,1.0166106849315069,26.991780821917807,0.8107671232876712
Deelen,2012,9.854098360655737,3.346448087431694,1.0153666666666668,23.898907103825138,0.8125956284153005
Deelen,2013,9.433424657534246,3.195342465753425,1.0153624657534246,20.67945205479452,0.802
Deelen,2014,11.252328767123288,3.5542465753424657,1.0135720547945206,27.33150684931507,0.8225205479452055
Deelen,2015,10.404931506849316,3.816986301369863,1.0173542465753425,27.720547945205478,0.8098630136986301
Deelen,2016,10.280327868852458,3.7379781420765026,1.0160885245901639,23.69945355191257,0.8150546448087431
Deelen,2017,10.507945205479452,3.3706849315068492,1.0161290410958903,25.101369863013698,0.813041095890411
Deelen,2018,11.243287671232876,4.295890410958904,1.0154372602739725,18.005479452054793,0.7681095890410959
Deelen,2019,2.926190476190476,2.0547619047619046,1.0137952380952382,33.69047619047619,0.9033333333333333
Hoogeveen,1993,10.058803986710963,3.297674418604651,1.0146963455149502,23.289036544850497,0.8792691029900332
Hoogeveen,1994,9.974792243767313,3.3709141274238226,1.0141675900277007,27.786703601108034,0.8548753462603879
Hoogeveen,1995,9.675068493150684,3.9484931506849317,1.0149539726027397,21.02191780821918,0.8351506849315068
Hoogeveen,1996,7.813387978142076,3.4456284153005465,1.0156918032786886,15.683060109289617,0.8379508196721311
Hoogeveen,1997,9.660821917808219,3.5734246575342468,1.0166361643835617,19.81095890410959,0.8410684931506849
Hoogeveen,1998,9.72931506849315,2.9747945205479454,1.0143920547945204,32.46027397260274,0.8782739726027398
Hoogeveen,1999,10.346575342465753,3.7295890410958905,1.01367698630137,23.24931506849315,0.8581095890410959
Hoogeveen,2000,10.332513661202185,3.16775956284153,1.0134696721311476,26.983606557377048,0.8553005464480874
Hoogeveen,2001,9.685753424657534,3.424931506849315,1.0145320547945205,27.66849315068493,0.866986301369863
Hoogeveen,2002,10.094794520547945,3.5073972602739727,1.0145578082191782,23.23013698630137,0.8486027397260274
Hoogeveen,2003,9.733972602739726,4.322465753424657,1.0170145205479453,18.95068493150685,0.824054794520548
Hoogeveen,2004,9.862295081967213,3.512841530054645,1.0149303278688524,24.03551912568306,0.8314754098360656
Hoogeveen,2005,9.9586301369863,3.9383561643835616,1.0164597260273973,20.45205479452055,0.8353150684931507
Hoogeveen,2006,10.520821917808219,3.5315068493150683,1.0155391780821919,19.446575342465753,0.8233150684931507
Hoogeveen,2007,10.595342465753424,3.4682191780821916,1.0154797260273973,28.578082191780823,0.8466027397260274
Hoogeveen,2008,10.027868852459017,3.6420765027322406,1.0142352459016393,23.773224043715846,0.8286065573770491
Hoogeveen,2009,9.855616438356165,3.655342465753425,1.0138630136986302,20.684931506849313,0.8378082191780822
Hoogeveen,2010,8.404383561643836,3.5523287671232877,1.0134808219178082,22.293150684931508,0.834931506849315
Hoogeveen,2011,10.164383561643836,3.7673972602739725,1.0162320547945205,22.276712328767122,0.8362191780821918
Hoogeveen,2012,9.71448087431694,3.5543715846994535,1.0149560109289617,22.60655737704918,0.837103825136612
Hoogeveen,2013,9.243835616438357,3.413150684931507,1.0151309589041095,19.594520547945205,0.815013698630137
Hoogeveen,2014,11.135068493150685,3.68,1.013305205479452,23.443835616438356,0.8378082191780822
Hoogeveen,2015,10.184931506849315,3.8638356164383563,1.0168495890410958,26.75068493150685,0.8367123287671233
Hoogeveen,2016,10.075956284153005,3.919672131147541,1.015824043715847,20.620218579234972,0.8434699453551913
Hoogeveen,2017,10.31972602739726,3.5786301369863014,1.0156298630136986,25.361643835616437,0.830027397260274
Hoogeveen,2018,10.783561643835617,4.471232876712329,1.0154084931506848,17.328767123287673,0.7934246575342466
Hoogeveen,2019,3.057142857142857,2.288095238095238,1.012857142857143,30.857142857142858,0.8852380952380953
Eelde,1957,9.155068493150685,2.910958904109589,1.015496712328767,23.665753424657535,0.8537260273972602
Eelde,1958,8.662739726027397,2.9,1.013848493150685,22.77260273972603,0.8641095890410959
Eelde,1959,9.293698630136987,3.818082191780822,1.0162605479452054,14.728767123287671,0.8182739726027397
Eelde,1960,8.837158469945356,2.5778688524590163,1.012513387978142,23.538251366120218,0.8539617486338797
Eelde,1961,9.055616438356164,2.8764383561643836,1.0147452054794521,26.515068493150686,0.8603835616438357
Eelde,1962,7.467397260273972,2.853698630136986,1.015508493150685,21.84109589041096,0.8491780821917808
Eelde,1963,7.063561643835617,2.9876712328767123,1.0151857534246576,18.526027397260275,0.8467123287671233
Eelde,1964,8.311475409836065,3.1308743169398907,1.0171467213114753,17.653005464480874,0.8305737704918033
Eelde,1965,7.994794520547945,3.1052054794520547,1.012814794520548,26.057534246575344,0.8383561643835616
Eelde,1966,8.669863013698631,2.6364383561643834,1.0126049315068493,25.43013698630137,0.8376438356164384
Eelde,1967,9.37068493150685,2.8758904109589043,1.0139191780821917,24.778082191780822,0.8180821917808219
Eelde,1968,8.601092896174864,2.7445355191256833,1.0141568306010929,24.603825136612024,0.8376775956284153
Eelde,1969,8.425274725274726,2.9337912087912086,1.013971978021978,19.939560439560438,0.841565934065934
Eelde,1970,8.263561643835617,2.932876712328767,1.013184109589041,22.602739726027398,0.8462465753424657
Eelde,1971,9.147671232876712,2.9978082191780824,1.016136712328767,14.605479452054794,0.8283013698630137
Eelde,1972,8.374043715846994,2.972950819672131,1.0153527322404372,20.05191256830601,0.84
Eelde,1973,8.771780821917808,3.1076712328767124,1.0162621917808219,20.66849315068493,0.8611780821917808
Eelde,1974,9.054794520547945,3.163835616438356,1.0127621917808218,21.975342465753425,0.8627397260273972
Eelde,1975,9.193424657534246,3.3783561643835616,1.0168945205479452,18.389041095890413,0.860027397260274
Eelde,1976,8.95655737704918,3.5688524590163935,1.0156581967213114,15.193989071038251,0.8084426229508197
Eelde,1977,8.982739726027397,2.6904109589041094,1.0135117808219178,20.731506849315068,0.8714520547945206
Eelde,1978,8.388219178082192,2.696712328767123,1.0134821917808219,18.81917808219178,0.8632602739726027
Eelde,1979,7.736986301369863,2.6931506849315068,1.012961095890411,23.624657534246577,0.8736986301369863
Eelde,1980,8.357923497267759,2.8879781420765025,1.0141327868852459,24.133879781420767,0.8753825136612022
Eelde,1981,8.627671232876713,2.6172602739726027,1.013567397260274,21.764383561643836,0.8786575342465753
Eelde,1982,9.328493150684931,3.4202739726027396,1.015087397260274,17.742465753424657,0.8707123287671232
Eelde,1983,9.563561643835616,3.0046575342465753,1.0152657534246576,21.994520547945207,0.8595616438356164
Eelde,1984,8.575136612021858,2.494535519125683,1.0144180327868852,21.47814207650273,0.8726775956284153
Eelde,1985,7.934794520547945,2.4665753424657533,1.015109589041096,21.58082191780822,0.8569589041095891
Eelde,1986,8.123013698630137,2.9134246575342466,1.01512,21.695890410958903,0.8375890410958904
Eelde,1987,7.939726027397261,2.6531506849315067,1.0158701369863015,21.663013698630138,0.8624931506849315
Eelde,1988,9.521584699453552,2.4989071038251365,1.0140021857923498,25.620218579234972,0.8681420765027322
Eelde,1989,9.756986301369864,3.383013698630137,1.016633698630137,18.994520547945207,0.8465479452054795
Eelde,1990,10.026849315068493,3.220821917808219,1.0154356164383562,21.786301369863015,0.8609315068493151
Eelde,1991,8.833698630136986,3.232328767123288,1.0172150684931507,17.232876712328768,0.8721095890410959
Eelde,1992,9.891530054644809,3.4562841530054644,1.0158827868852458,20.330601092896174,0.8584426229508196
Eelde,1993,8.655068493150685,3.107397260273973,1.0157739726027397,24.77260273972603,0.8771780821917808
Eelde,1994,9.69945205479452,3.355616438356164,1.0140030136986302,26.117808219178084,0.8632328767123287
Eelde,1995,9.399452054794521,3.8632876712328765,1.0147898630136987,24.17808219178082,0.8562465753424657
Eelde,1996,7.565300546448087,3.4224043715846992,1.015786338797814,14.789617486338798,0.8404918032786886
Eelde,1997,9.443835616438356,3.4704109589041097,1.0165767123287672,17.975342465753425,0.8441369863013699
Eelde,1998,9.657808219178083,2.8835616438356166,1.0141446575342465,29.90684931506849,0.8768493150684932
Eelde,1999,10.251780821917809,3.5901369863013697,1.0134591780821918,24.36986301369863,0.8555616438356164
Eelde,2000,10.228142076502733,2.981967213114754,1.0131713114754097,23.37431693989071,0.853087431693989
Eelde,2001,9.614520547945206,3.211780821917808,1.0143328767123287,29.4027397260274,0.8654794520547945
Eelde,2002,10.09972602739726,3.266027397260274,1.014395890410959,24.208219178082192,0.8499726027397261
Eelde,2003,9.698082191780822,4.198904109589041,1.0168668493150685,18.991780821917807,0.8168767123287671
Eelde,2004,9.813114754098361,3.539344262295082,1.0146680327868853,24.96448087431694,0.8296174863387978
Eelde,2005,9.94164383561644,3.824657534246575,1.0162221917808218,21.295890410958904,0.8391506849315068
Eelde,2006,10.578630136986302,3.5167123287671234,1.0152895890410958,18.673972602739727,0.8262739726027397
Eelde,2007,10.607397260273972,3.483835616438356,1.0151665753424657,26.4,0.8442739726027397
Eelde,2008,10.12622950819672,3.6038251366120218,1.0139062841530055,22.450819672131146,0.833688524590164
Eelde,2009,9.7813698630137,3.68986301369863,1.013597808219178,21.394520547945206,0.8473698630136987
Eelde,2010,8.171506849315069,3.567945205479452,1.0133608219178083,22.213698630136985,0.8354794520547946
Eelde,2011,9.978904109589042,3.717260273972603,1.0159219178082193,20.873972602739727,0.8352876712328767
Eelde,2012,9.5448087431694,3.572677595628415,1.014714480874317,22.69672131147541,0.8319125683060109
Eelde,2013,9.216164383561644,3.4852054794520546,1.0150616438356164,19.126027397260273,0.8246301369863014
Eelde,2014,11.05972602739726,3.762739726027397,1.0131164383561644,17.75890410958904,0.8281917808219178
Eelde,2015,10.164109589041097,3.7915068493150685,1.0165060273972604,23.865753424657534,0.8386027397260274
Eelde,2016,9.96775956284153,3.8442622950819674,1.0156024590163935,17.937158469945356,0.8383333333333334
Eelde,2017,10.127123287671234,3.4427397260273973,1.015284109589041,25.76164383561644,0.8384109589041095
Eelde,2018,10.667123287671233,4.284657534246575,1.0152479452054795,16.91780821917808,0.7915342465753424
Eelde,2019,3.2261904761904763,1.9904761904761905,1.0122,23.928571428571427,0.8683333333333333
Twenthe,1974,11.082710280373831,2.5598130841121494,1.0125107476635513,29.00467289719626,0.8531308411214953
Twenthe,1975,9.372602739726027,3.322739726027397,1.0170016438356164,16.221917808219178,0.8175616438356165
Twenthe,1976,9.255737704918033,3.3846994535519124,1.0156792349726775,13.592896174863387,0.8095901639344262
Twenthe,1977,9.334520547945205,2.6035616438356164,1.013811506849315,19.676712328767124,0.8294794520547946
Twenthe,1978,8.754794520547945,2.5136986301369864,1.0136687671232876,17.30958904109589,0.8442191780821918
Twenthe,1979,7.832602739726028,2.5276712328767124,1.0132315068493152,18.75068493150685,0.8543561643835617
Twenthe,1980,8.546994535519126,2.8237704918032787,1.0147,19.860655737704917,0.8484153005464481
Twenthe,1981,9.109315068493151,2.5336986301369864,1.014214794520548,22.21917808219178,0.8633150684931507
Twenthe,1982,9.721369863013699,3.254794520547945,1.0157361643835616,17.4027397260274,0.826054794520548
Twenthe,1983,9.609315068493151,3.1054794520547944,1.0159857534246575,20.52054794520548,0.806986301369863
Twenthe,1984,8.606010928961748,2.5893442622950817,1.0146267759562841,23.136612021857925,0.8201092896174863
Twenthe,1985,7.8410958904109584,2.608767123287671,1.015547397260274,18.78904109589041,0.8295342465753425
Twenthe,1986,8.628767123287671,2.955890410958904,1.0156690410958904,20.70958904109589,0.8168767123287671
Twenthe,1987,8.324383561643836,2.5605479452054793,1.0162750684931507,22.91780821917808,0.8502191780821918
Twenthe,1988,9.95464480874317,2.433333333333333,1.0146265027322405,20.51366120218579,0.8354918032786885
Twenthe,1989,10.428219178082191,3.3997260273972603,1.0171131506849316,17.83013698630137,0.8156712328767123
Twenthe,1990,10.408493150684931,3.1591780821917808,1.0162465753424657,21.561643835616437,0.7853698630136986
Twenthe,1991,9.163561643835617,3.302739726027397,1.0176849315068492,15.906849315068493,0.7826575342465754
Twenthe,1992,10.218579234972678,3.1352459016393444,1.0166046448087431,19.718579234972676,0.800327868852459
Twenthe,1993,4.6,0.55,1.005275,110.5,0.93
Twenthe,1994,10.217534246575342,3.3032876712328765,1.014607397260274,28.183561643835617,0.8301917808219178
Twenthe,1995,9.817260273972602,3.8345205479452056,1.015190410958904,21.156164383561645,0.8235890410958904
Twenthe,1996,7.852459016393443,3.3975409836065573,1.0157508196721312,17.237704918032787,0.8068579234972677
Twenthe,1997,9.678356164383562,3.607397260273973,1.0168183561643835,19.69041095890411,0.8201095890410959
Twenthe,1998,9.793150684931506,2.8997260273972603,1.014816712328767,27.893150684931506,0.8519726027397261
Twenthe,1999,10.494794520547945,3.5021917808219176,1.014052602739726,23.005479452054793,0.8235068493150685
Twenthe,2000,10.551912568306012,3.1174863387978142,1.013887431693989,23.278688524590162,0.8285792349726776
Twenthe,2001,9.893150684931507,3.261095890410959,1.0147879452054795,22.90958904109589,0.8379726027397261
Twenthe,2002,10.262465753424658,3.526027397260274,1.014838904109589,21.394520547945206,0.8263013698630137
Twenthe,2003,9.974246575342466,4.44,1.0172002739726027,16.953424657534246,0.7857260273972603
Twenthe,2004,9.87950819672131,3.431967213114754,1.0152844262295082,23.352459016393443,0.817896174863388
Twenthe,2005,10.145479452054795,3.81013698630137,1.0167328767123287,21.882191780821916,0.8191780821917808
Twenthe,2006,10.821917808219178,3.4926027397260273,1.0159057534246576,19.786301369863015,0.7967671232876712
Twenthe,2007,10.712602739726027,3.3005479452054796,1.0158082191780822,25.10958904109589,0.8204109589041096
Twenthe,2008,10.147540983606557,3.6745901639344263,1.014591256830601,19.975409836065573,0.8098360655737705
Twenthe,2009,10.055616438356164,3.6816438356164385,1.0141468493150685,21.389041095890413,0.8061095890410959
Twenthe,2010,8.543013698630137,3.407945205479452,1.013643287671233,21.797260273972604,0.802986301369863
Twenthe,2011,10.354794520547944,3.829041095890411,1.0165882191780822,17.775342465753425,0.8106027397260274
Twenthe,2012,9.843989071038251,3.489071038251366,1.0153467213114755,20.792349726775956,0.8129508196721311
Twenthe,2013,9.424109589041096,3.2273972602739724,1.0153975342465753,20.742465753424657,0.7994246575342466
Twenthe,2014,11.288219178082192,3.649041095890411,1.0136912328767123,21.715068493150685,0.8101369863013699
Twenthe,2015,10.501643835616438,3.8734246575342466,1.0173134246575342,24.027397260273972,0.8052602739726027
Twenthe,2016,10.216666666666667,3.7494535519125685,1.0161295081967212,19.562841530054644,0.8230601092896175
Twenthe,2017,10.504657534246576,3.374246575342466,1.016008493150685,23.383561643835616,0.8096164383561644
Twenthe,2018,11.176712328767124,4.385205479452055,1.015481095890411,16.71780821917808,0.7572054794520547
Twenthe,2019,2.9380952380952383,2.1547619047619047,1.0132690476190476,30.30952380952381,0.861904761904762
Vlissingen,1957,10.451232876712329,3.370958904109589,1.0158531506849315,21.589041095890412,0.8190958904109589
Vlissingen,1958,10.046027397260273,3.0972602739726027,1.0140123287671232,20.484931506849314,0.8314794520547946
Vlissingen,1959,10.895890410958904,4.101095890410959,1.0157690410958904,14.90958904109589,0.8006575342465754
Vlissingen,1960,10.317213114754098,2.765846994535519,1.012389344262295,25.027322404371585,0.8284426229508197
Vlissingen,1961,10.676438356164384,3.3158904109589042,1.0151772602739726,23.416438356164385,0.8269041095890411
Vlissingen,1962,8.898904109589042,3.227123287671233,1.015981095890411,17.742465753424657,0.8143561643835616
Vlissingen,1963,8.304383561643835,3.1736986301369865,1.0144794520547946,19.80821917808219,0.8523561643835617
Vlissingen,1964,9.705737704918032,3.404918032786885,1.0168745901639344,20.44535519125683,0.8292349726775956
Vlissingen,1965,9.43945205479452,3.3134246575342465,1.0130043835616438,23.706849315068492,0.8221369863013699
Vlissingen,1966,9.985753424657535,2.738904109589041,1.0128871232876713,25.92054794520548,0.8361643835616438
Vlissingen,1967,10.43917808219178,3.161369863013699,1.015383287671233,19.487671232876714,0.8163561643835616
Vlissingen,1968,9.686065573770492,2.6540983606557376,1.0146540983606558,19.683060109289617,0.8353825136612022
Vlissingen,1969,9.962739726027397,3.066027397260274,1.0141405479452055,21.942465753424656,0.8258082191780822
Vlissingen,1970,9.990410958904109,3.1846575342465755,1.0140221917808219,19.473972602739725,0.8250958904109589
Vlissingen,1971,10.286027397260273,3.5021917808219176,1.0166038356164384,16.627397260273973,0.8204931506849316
Vlissingen,1972,9.66120218579235,3.333606557377049,1.0154286885245902,16.863387978142075,0.8293715846994536
Vlissingen,1973,10.311506849315068,3.467123287671233,1.0178279452054795,18.646575342465752,0.8298356164383561
Vlissingen,1974,10.342465753424657,3.2383561643835614,1.013698082191781,26.53698630136986,0.8184931506849316
Vlissingen,1975,10.269589041095891,3.4183561643835616,1.0172197260273972,20.71780821917808,0.7913972602739726
Vlissingen,1976,10.580327868852459,3.943169398907104,1.0157437158469946,11.734972677595628,0.7824316939890711
Vlissingen,1977,10.253698630136986,3.12,1.0143005479452054,19.323287671232876,0.8191506849315069
Vlissingen,1978,9.706849315068494,2.8704109589041096,1.0143038356164384,17.53150684931507,0.8195616438356165
Vlissingen,1979,9.39041095890411,3.0032876712328767,1.01354,24.016438356164382,0.821945205479452
Vlissingen,1980,9.92896174863388,3.044262295081967,1.0149445355191258,20.598360655737704,0.8144262295081968
Vlissingen,1981,10.009615384615385,2.8717032967032967,1.0148192307692308,23.85989010989011,0.8149725274725275
Vlissingen,1982,10.596164383561645,3.3194520547945205,1.0158860273972603,19.14246575342466,0.7983561643835616
Vlissingen,1983,10.641208791208792,3.1596153846153845,1.0165228021978021,17.837912087912088,0.8057417582417582
Vlissingen,1984,10.13688524590164,3.0469945355191257,1.0150005464480873,20.204918032786885,0.8342349726775956
Vlissingen,1985,9.049041095890411,3.1695890410958905,1.015745205479452,19.523287671232875,0.8317808219178082
Vlissingen,1986,9.496712328767122,3.251780821917808,1.0154753424657534,20.723287671232878,0.8156712328767123
Vlissingen,1987,9.45934065934066,2.856043956043956,1.0162862637362637,21.03846153846154,0.8267307692307693
Vlissingen,1988,10.897814207650272,2.878142076502732,1.0151005464480873,22.92896174863388,0.8218852459016394
Vlissingen,1989,11.484109589041095,3.810958904109589,1.017286301369863,14.416438356164383,0.8013698630136986
Vlissingen,1990,11.57123287671233,3.6813698630136984,1.0166564383561645,16.813698630136987,0.7804109589041096
Vlissingen,1991,10.247123287671233,3.5616438356164384,1.0176112328767124,16.704109589041096,0.817013698630137
Vlissingen,1992,11.04016393442623,3.394262295081967,1.0167693989071038,20.827868852459016,0.8441256830601093
Vlissingen,1993,10.43972602739726,3.299178082191781,1.0163868493150685,21.484931506849314,0.8541369863013699
Vlissingen,1994,11.340821917808219,3.749041095890411,1.014806301369863,21.353424657534248,0.827917808219178
Vlissingen,1995,11.347671232876712,4.363561643835617,1.0155224657534248,19.145205479452056,0.8187945205479452
Vlissingen,1996,9.275409836065574,3.9385245901639343,1.0154833333333333,15.300546448087431,0.8179234972677596
Vlissingen,1997,10.926849315068493,4.130684931506849,1.0167317808219178,17.243835616438357,0.8343013698630137
Vlissingen,1998,10.972328767123289,3.4493150684931506,1.01513698630137,25.997260273972604,0.8336164383561644
Vlissingen,1999,11.657534246575343,4.011780821917808,1.014245205479452,23.493150684931507,0.8263561643835616
Vlissingen,2000,11.397814207650272,3.5494535519125683,1.013941256830601,21.718579234972676,0.8225136612021858
Vlissingen,2001,11.145205479452056,3.7854794520547945,1.0150334246575343,24.92054794520548,0.8153424657534246
Vlissingen,2002,11.48027397260274,3.864931506849315,1.0146879452054793,24.397260273972602,0.821041095890411
Vlissingen,2003,11.366027397260273,4.664657534246575,1.0172353424657534,16.624657534246577,0.801972602739726
Vlissingen,2004,11.266666666666667,3.9939890710382513,1.0157811475409837,19.57650273224044,0.8044808743169399
Vlissingen,2005,11.332328767123288,4.165205479452055,1.0172194520547946,24.304109589041097,0.8148493150684931
Vlissingen,2006,11.666575342465753,4.087945205479452,1.0159698630136986,20.47945205479452,0.8167397260273973
Vlissingen,2007,11.867397260273973,3.861643835616438,1.0163838356164383,20.315068493150687,0.8155890410958904
Vlissingen,2008,11.192896174863389,3.9923497267759562,1.0146765027322404,18.98633879781421,0.8215300546448088
Vlissingen,2009,11.173698630136986,4.291506849315068,1.014186301369863,19.610958904109587,0.8047123287671233
Vlissingen,2010,9.818356164383562,3.976164383561644,1.0138841095890412,21.698630136986303,0.8142739726027397
Vlissingen,2011,11.67917808219178,4.209315068493151,1.0166983561643836,19.08219178082192,0.8116438356164384
Vlissingen,2012,10.824590163934426,3.918032786885246,1.0154658469945355,24.24863387978142,0.8206557377049181
Vlissingen,2013,10.287123287671232,3.8484931506849316,1.0153638356164383,22.473972602739725,0.7995890410958905
Vlissingen,2014,12.365205479452055,4.120821917808219,1.0133980821917807,18.616438356164384,0.8166027397260274
Vlissingen,2015,11.538630136986301,4.282191780821917,1.0175901369863014,21.956164383561642,0.7997808219178082
Vlissingen,2016,11.597814207650273,4.4,1.0161754098360656,22.1448087431694,0.8106830601092896
Vlissingen,2017,11.77041095890411,4.053698630136986,1.0164134246575343,23.90684931506849,0.7978630136986301
Vlissingen,2018,11.872602739726027,4.607945205479452,1.015349589041096,17.01095890410959,0.7878082191780822
Vlissingen,2019,4.7785714285714285,2.6714285714285713,1.0148238095238096,21.714285714285715,0.8611904761904762
Westdorpe,2008,6.244578313253012,3.0710843373493977,1.0161385542168675,19.85542168674699,0.886867469879518
Westdorpe,2009,10.767945205479451,3.9394520547945207,1.0143402739726028,22.791780821917808,0.8014520547945205
Westdorpe,2010,9.478630136986302,3.6252054794520547,1.0139065753424656,24.624657534246577,0.8128493150684931
Westdorpe,2011,11.461643835616439,3.9586301369863013,1.0168287671232876,21.350684931506848,0.8041917808219178
Westdorpe,2012,10.59344262295082,3.6513661202185794,1.01567868852459,25.846994535519126,0.8246994535519125
Westdorpe,2013,10.012328767123288,3.6706849315068495,1.0154980821917807,21.506849315068493,0.8188493150684931
Westdorpe,2014,11.837808219178083,3.9936986301369863,1.0136268493150684,20.443835616438356,0.815945205479452
Westdorpe,2015,11.200273972602739,4.10958904109589,1.0178128767123287,18.646575342465752,0.8065205479452054
Westdorpe,2016,11.030327868852458,3.9923497267759562,1.0163412568306012,18.775956284153004,0.8148360655737705
Westdorpe,2017,11.421369863013698,3.7986301369863016,1.0166493150684932,19.523287671232875,0.800082191780822
Westdorpe,2018,11.64958904109589,4.406301369863014,1.0155224657534248,15.364383561643836,0.7844109589041096
Westdorpe,2019,3.9952380952380953,2.4833333333333334,1.0151928571428572,20.952380952380953,0.8807142857142857
Wilhelminadorp,2007,2.225,4.08,1.03052,2.85,0.905
Wilhelminadorp,2008,10.766120218579236,3.9379781420765028,1.014605737704918,21.76502732240437,0.8250819672131148
Wilhelminadorp,2009,10.823013698630136,4.103561643835617,1.0141416438356163,21.578082191780823,0.8167123287671233
Wilhelminadorp,2010,9.602465753424658,3.86958904109589,1.013804109589041,22.457534246575342,0.8164109589041096
Wilhelminadorp,2011,11.424109589041096,4.104931506849315,1.016663287671233,21.791780821917808,0.8238356164383561
Wilhelminadorp,2012,10.586065573770492,3.8363387978142076,1.0154562841530055,26.81967213114754,0.8314754098360656
Wilhelminadorp,2013,10.08931506849315,3.774794520547945,1.0153378082191782,22.156164383561645,0.8172054794520548
Wilhelminadorp,2014,7.9399999999999995,2.1,1.0004,25.2,0.844
Wilhelminadorp,2017,6.344444444444444,2.0944444444444446,1.0132833333333333,37.44444444444444,0.9072222222222223
Wilhelminadorp,2018,11.687945205479451,4.496164383561644,1.0154287671232878,19.515068493150686,0.7881095890410958
Wilhelminadorp,2019,4.254761904761905,2.4214285714285713,1.0147976190476191,25.69047619047619,0.87
Hoek van Holland,1995,11.395424836601308,4.169934640522876,1.016727450980392,17.143790849673202,0.8352941176470589
Hoek van Holland,1996,9.034699453551912,3.9453551912568305,1.0155532786885246,15.770491803278688,0.8002732240437158
Hoek van Holland,1997,10.635342465753425,4.028767123287671,1.0166115068493151,17.986301369863014,0.8245479452054795
Hoek van Holland,1998,10.902465753424657,3.4276712328767123,1.0147490410958904,33.06027397260274,0.8347123287671233
Hoek van Holland,1999,11.534794520547946,4.052054794520548,1.0139504109589041,27.96164383561644,0.8290958904109589
Hoek van Holland,2000,11.237431693989071,3.4166666666666665,1.0135718579234974,26.540983606557376,0.8216666666666667
Hoek van Holland,2001,10.996712328767122,3.8249315068493153,1.0147079452054795,31.635616438356163,0.8143561643835616
Hoek van Holland,2002,11.302191780821918,3.9306849315068493,1.0145246575342466,26.698630136986303,0.8087397260273973
Hoek van Holland,2003,11.085479452054795,4.578082191780822,1.017090410958904,17.465753424657535,0.7784109589041096
Hoek van Holland,2004,11.04207650273224,3.805464480874317,1.015417213114754,22.972677595628415,0.8167486338797815
Hoek van Holland,2005,11.206575342465753,4.000547945205479,1.0168605479452055,21.77260273972603,0.8171780821917808
Hoek van Holland,2006,11.584383561643836,3.9284931506849317,1.0156695890410958,24.205479452054796,0.8036438356164384
Hoek van Holland,2007,11.692054794520548,3.8249315068493153,1.0160065753424659,24.454794520547946,0.8042739726027397
Hoek van Holland,2008,11.009562841530055,3.960928961748634,1.0143934426229508,23.76502732240437,0.8168306010928962
Hoek van Holland,2009,10.951232876712329,4.090684931506849,1.0139309589041097,20.443835616438356,0.815917808219178
Hoek van Holland,2010,9.54054794520548,3.7745205479452055,1.013709315068493,23.30958904109589,0.8211506849315069
Hoek van Holland,2011,11.306301369863014,4.198082191780822,1.0163545205479452,24.6,0.815041095890411
Hoek van Holland,2012,10.665846994535519,3.8833333333333333,1.01510956284153,27.15846994535519,0.8139890710382514
Hoek van Holland,2013,10.085479452054795,3.7893150684931505,1.0152164383561644,24.284931506849315,0.8003013698630137
Hoek van Holland,2014,12.221917808219178,3.9608219178082194,1.0132232876712328,22.03835616438356,0.8036164383561644
Hoek van Holland,2015,11.366849315068492,4.029041095890411,1.0172183561643835,24.41917808219178,0.7951780821917809
Hoek van Holland,2016,11.3724043715847,4.187704918032787,1.0159120218579234,23.65573770491803,0.8051092896174863
Hoek van Holland,2017,11.665205479452055,3.952876712328767,1.016138082191781,26.2,0.7922465753424658
Hoek van Holland,2018,11.52164383561644,4.413698630136986,1.0152660273972602,19.202739726027396,0.8034246575342465
Hoek van Holland,2019,4.666666666666667,2.419047619047619,1.0141190476190476,26,0.8792857142857142
Rotterdam,1976,10.1,3.6795081967213115,1.015825136612022,13.510928961748634,0.8146448087431694
Rotterdam,1977,9.923287671232877,2.9824657534246577,1.014110410958904,22.78082191780822,0.8563287671232876
Rotterdam,1978,9.19890410958904,2.818630136986301,1.0142002739726028,18.22739726027397,0.8305753424657534
Rotterdam,1979,8.886849315068494,2.882191780821918,1.013505205479452,22.635616438356163,0.8504383561643836
Rotterdam,1980,9.497814207650274,2.985792349726776,1.0148939890710382,21.23497267759563,0.83224043715847
Rotterdam,1981,9.661095890410959,2.6665753424657535,1.0145457534246576,24.953424657534246,0.8693972602739726
Rotterdam,1982,10.315890410958904,3.2884931506849315,1.0157364383561645,20.49041095890411,0.8487397260273972
Rotterdam,1983,10.347671232876712,3.1293150684931508,1.0162367123287672,21.65753424657534,0.8492054794520548
Rotterdam,1984,9.777868852459017,2.7950819672131146,1.014775136612022,22.21311475409836,0.8499180327868853
Rotterdam,1985,8.77945205479452,2.9712328767123286,1.0155454794520549,22.9013698630137,0.8388493150684931
Rotterdam,1986,9.068219178082192,3.310684931506849,1.01548,22.643835616438356,0.8364383561643836
Rotterdam,1987,9.125479452054794,2.793150684931507,1.0161128767123289,24.4,0.8256164383561644
Rotterdam,1988,10.663934426229508,2.64672131147541,1.01475,25.76502732240437,0.8457650273224043
Rotterdam,1989,11.084383561643836,3.708219178082192,1.0170569863013699,18.30958904109589,0.8215342465753425
Rotterdam,1990,11.055616438356164,3.4002739726027396,1.0163030136986302,20.068493150684933,0.8192328767123288
Rotterdam,1991,9.682465753424658,3.3304109589041095,1.0176041095890411,19.54794520547945,0.8442465753424657
Rotterdam,1992,10.731147540983606,3.525409836065574,1.016601912568306,24.9672131147541,0.8375136612021858
Rotterdam,1993,9.968767123287671,3.4367123287671233,1.0162627397260273,24.08219178082192,0.8412054794520548
Rotterdam,1994,10.843835616438357,3.466027397260274,1.0146260273972603,24.52054794520548,0.8326575342465753
Rotterdam,1995,10.651780821917809,4.037534246575342,1.0153101369863013,18.980821917808218,0.8298630136986301
Rotterdam,1996,8.801639344262295,3.542896174863388,1.0155669398907103,17.046448087431695,0.8064480874316939
Rotterdam,1997,10.466027397260273,3.687945205479452,1.0167134246575342,17.64109589041096,0.827068493150685
Rotterdam,1998,10.741643835616438,3.0832876712328767,1.0148720547945205,31.47945205479452,0.8446849315068493
Rotterdam,1999,11.192876712328767,3.572876712328767,1.0140912328767124,29.556164383561644,0.8235342465753425
Rotterdam,2000,11.081693989071038,2.990437158469945,1.0137713114754099,27.327868852459016,0.8381693989071038
Rotterdam,2001,10.601917808219177,3.264109589041096,1.0148739726027398,29.39178082191781,0.8255616438356165
Rotterdam,2002,11.012602739726027,3.563013698630137,1.014667397260274,26.405479452054795,0.8269041095890411
Rotterdam,2003,10.746575342465754,4.416164383561644,1.0171435616438356,16.564383561643837,0.7853424657534247
Rotterdam,2004,10.57568306010929,3.4991803278688525,1.0154502732240438,25.28688524590164,0.8234972677595629
Rotterdam,2005,10.870958904109589,3.8958904109589043,1.0168953424657534,22.876712328767123,0.814986301369863
Rotterdam,2006,11.37890410958904,3.7835616438356166,1.0157454794520548,23.936986301369863,0.8038356164383562
Rotterdam,2007,11.396986301369862,3.6391780821917807,1.0159780821917808,27.224657534246575,0.8251232876712329
Rotterdam,2008,10.683606557377049,3.746448087431694,1.0144204918032786,26.308743169398905,0.8137158469945355
Rotterdam,2009,10.761643835616438,3.8347945205479452,1.013970410958904,21.704109589041096,0.7933424657534247
Rotterdam,2010,9.381643835616439,3.6021917808219177,1.0137068493150685,24.838356164383562,0.812027397260274
Rotterdam,2011,11.212602739726027,3.904109589041096,1.016481095890411,25.243835616438357,0.8018082191780822
Rotterdam,2012,10.525136612021859,3.540983606557377,1.0152390710382513,27.1775956284153,0.824672131147541
Rotterdam,2013,9.922191780821917,3.688767123287671,1.0152657534246576,23.873972602739727,0.8091506849315069
Rotterdam,2014,11.906301369863014,3.8665753424657536,1.0132934246575342,21.96986301369863,0.8102739726027397
Rotterdam,2015,11.114246575342467,3.9832876712328766,1.0172772602739726,24.504109589041096,0.8043013698630137
Rotterdam,2016,11.050546448087431,4.146448087431694,1.0159636612021858,23.80054644808743,0.8145901639344262
Rotterdam,2017,11.257534246575343,3.751780821917808,1.01608,28.4,0.8078904109589041
Rotterdam,2018,11.538630136986301,4.321095890410959,1.0153005479452055,19.723287671232878,0.7842465753424658
Rotterdam,2019,4.126190476190476,2.223809523809524,1.0141214285714286,28.214285714285715,0.8695238095238095
Cabauw,1997,11.659415584415584,3.999025974025974,1.0162269480519481,16.477272727272727,0.8413961038961039
Cabauw,1998,10.277534246575343,3.1652054794520548,1.0149298630136987,27.936986301369863,0.8589041095890411
Cabauw,1999,10.817260273972602,3.8213698630136985,1.0141117808219178,23.53150684931507,0.8514246575342466
Cabauw,2000,10.824863387978143,3.38551912568306,1.0138281420765027,25.40983606557377,0.8550819672131148
Cabauw,2001,10.357808219178082,3.5331506849315066,1.0149128767123288,24.991780821917807,0.8424931506849315
Cabauw,2002,10.767945205479451,3.7443835616438355,1.0147550684931508,23.301369863013697,0.8481643835616438
Cabauw,2003,10.403013698630136,4.430410958904109,1.0172202739726028,14.391780821917807,0.8148219178082192
Cabauw,2004,10.276229508196721,3.5628415300546448,1.0155021857923496,21.327868852459016,0.8343989071038251
Cabauw,2005,10.551780821917808,4.001643835616439,1.016924383561644,22.34794520547945,0.842904109589041
Cabauw,2006,11.077534246575343,3.8153424657534245,1.0158090410958904,21.063013698630137,0.8378904109589042
Cabauw,2007,11.091506849315069,3.677808219178082,1.0160339726027396,29.854794520547944,0.8412602739726027
Cabauw,2008,10.51639344262295,3.8669398907103827,1.0145633879781422,20.237704918032787,0.8334153005464481
Cabauw,2009,10.462465753424658,3.9863013698630136,1.0140490410958904,18.86849315068493,0.8213972602739726
Cabauw,2010,9.057534246575342,3.815068493150685,1.0137287671232877,22.295890410958904,0.8355890410958904
Cabauw,2011,10.91123287671233,4.11013698630137,1.0165701369863014,23.85753424657534,0.8281095890410959
Cabauw,2012,10.247540983606557,3.658196721311475,1.0153092896174862,24.472677595628415,0.8406830601092896
Cabauw,2013,9.74904109589041,3.70986301369863,1.0152772602739726,21.613698630136987,0.8191780821917808
Cabauw,2014,11.595068493150684,4.023561643835617,1.0133750684931506,21.13150684931507,0.8359452054794521
Cabauw,2015,10.733424657534247,4.058356164383562,1.0173210958904109,22.397260273972602,0.8287123287671233
Cabauw,2016,10.670218579234973,4.075956284153006,1.0160158469945355,19.98087431693989,0.8298087431693989
Cabauw,2017,10.917260273972603,3.758082191780822,1.016137808219178,21.087671232876712,0.8241917808219178
Cabauw,2018,11.407945205479452,4.459452054794521,1.015373698630137,17.44109589041096,0.7927671232876712
Cabauw,2019,3.6619047619047618,2.533333333333333,1.014047619047619,25.738095238095237,0.883095238095238
Gilze-Rijen,1976,6.368478260869566,1.9108695652173913,1.0102565217391304,17.804347826086957,0.8875
Gilze-Rijen,1977,9.795068493150685,2.915068493150685,1.0142,21.073972602739726,0.8104931506849316
Gilze-Rijen,1978,9.08027397260274,2.5731506849315067,1.0142175342465753,19.56986301369863,0.8304657534246576
Gilze-Rijen,1979,8.753424657534246,2.6920547945205477,1.0137969863013698,23.638356164383563,0.8429589041095891
Gilze-Rijen,1980,9.078142076502733,2.8538251366120218,1.0150306010928962,20.43169398907104,0.8343169398907104
Gilze-Rijen,1981,9.306575342465754,2.6956164383561645,1.0148224657534246,23.934246575342467,0.8461369863013699
Gilze-Rijen,1982,10.17068493150685,3.310684931506849,1.0160298630136986,20.205479452054796,0.8331506849315069
Gilze-Rijen,1983,10.248219178082191,3.256712328767123,1.0166043835616438,22.578082191780823,0.838986301369863
Gilze-Rijen,1984,9.661475409836065,2.872950819672131,1.0150748633879783,24.112021857923498,0.8484699453551913
Gilze-Rijen,1985,8.86958904109589,2.9843835616438357,1.0158920547945205,21.55890410958904,0.8367671232876712
Gilze-Rijen,1986,9.438630136986301,3.126849315068493,1.0157490410958905,20.663013698630138,0.7967123287671233
Gilze-Rijen,1987,9.087945205479452,2.7594520547945205,1.0164024657534247,21.953424657534246,0.7919178082191781
Gilze-Rijen,1988,10.61639344262295,2.6846994535519126,1.0150718579234972,25.781420765027324,0.7939344262295082
Gilze-Rijen,1989,10.886849315068494,3.733698630136986,1.017381917808219,16.756164383561643,0.7811780821917809
Gilze-Rijen,1990,10.817260273972602,3.415890410958904,1.016669589041096,19.934246575342467,0.758
Gilze-Rijen,1991,9.50054794520548,3.364931506849315,1.0178416438356164,20.542465753424658,0.7806575342465754
Gilze-Rijen,1992,10.393989071038252,3.3234972677595627,1.0169418032786885,22.360655737704917,0.7897540983606557
Gilze-Rijen,1993,11.703448275862069,3.357088122605364,1.0142954022988506,27.237547892720308,0.8418390804597701
Gilze-Rijen,1994,10.75068493150685,3.4104109589041096,1.014890684931507,24.82191780821918,0.8289041095890411
Gilze-Rijen,1995,10.550684931506849,3.8605479452054796,1.015481095890411,18.797260273972604,0.8276438356164384
Gilze-Rijen,1996,8.638797814207651,3.4773224043715847,1.015603005464481,15.573770491803279,0.8061475409836065
Gilze-Rijen,1997,10.242739726027397,3.727123287671233,1.0168931506849315,18.610958904109587,0.8296438356164384
Gilze-Rijen,1998,10.36958904109589,3.0967123287671234,1.0152479452054795,27.646575342465752,0.8497260273972602
Gilze-Rijen,1999,10.846575342465753,3.6635616438356164,1.0143638356164384,24.008219178082193,0.8223287671232876
Gilze-Rijen,2000,10.918032786885245,3.248087431693989,1.0140915300546447,25.920765027322403,0.828032786885246
Gilze-Rijen,2001,10.440547945205479,3.3597260273972602,1.0150021917808218,25.45205479452055,0.8295068493150685
Gilze-Rijen,2002,10.904383561643836,3.4084931506849316,1.0148586301369864,24.29041095890411,0.8161643835616438
Gilze-Rijen,2003,10.636164383561644,4.355616438356164,1.0173145205479452,17.427397260273974,0.7905205479452054
Gilze-Rijen,2004,10.4224043715847,3.379781420765027,1.0157497267759563,21.229508196721312,0.8177868852459016
Gilze-Rijen,2005,10.77890410958904,3.796712328767123,1.01714,23.98904109589041,0.8052876712328767
Gilze-Rijen,2006,11.20082191780822,3.764109589041096,1.0160860273972603,22.323287671232876,0.8005205479452054
Gilze-Rijen,2007,11.193424657534246,3.5753424657534247,1.0162693150684932,24.002739726027396,0.8218904109589041
Gilze-Rijen,2008,10.537158469945355,3.6745901639344263,1.0147855191256832,21.830601092896174,0.8124043715846995
Gilze-Rijen,2009,10.533424657534246,3.884931506849315,1.0142945205479452,20.63013698630137,0.8034246575342465
Gilze-Rijen,2010,9.251506849315069,3.669041095890411,1.0137424657534246,22.224657534246575,0.799972602739726
Gilze-Rijen,2011,11.121643835616439,3.952054794520548,1.0167443835616439,19.435616438356163,0.7940273972602739
Gilze-Rijen,2012,10.382513661202186,3.6702185792349726,1.0155573770491804,23.560109289617486,0.8115300546448088
Gilze-Rijen,2013,9.93095890410959,3.5635616438356164,1.0154227397260274,20.063013698630137,0.7917534246575343
Gilze-Rijen,2014,11.727945205479452,3.9093150684931506,1.0136186301369863,23.457534246575342,0.8102465753424658
Gilze-Rijen,2015,11.01095890410959,4.097260273972603,1.0176106849315067,21.575342465753426,0.7957260273972603
Gilze-Rijen,2016,10.819398907103825,3.9486338797814207,1.0162090163934425,23.120218579234972,0.81
Gilze-Rijen,2017,11.156712328767123,3.6482191780821918,1.016429315068493,22.791780821917808,0.7909041095890411
Gilze-Rijen,2018,11.719452054794521,4.336986301369863,1.0154767123287671,15.616438356164384,0.7577260273972602
Gilze-Rijen,2019,3.6833333333333336,2.3261904761904764,1.0145904761904763,25.285714285714285,0.8785714285714286
Herwijnen,2009,12.740873015873015,4.097222222222222,1.0141654761904761,21.11904761904762,0.8088095238095238
Herwijnen,2010,8.912602739726028,3.794794520547945,1.0137717808219178,20.86849315068493,0.835013698630137
Herwijnen,2011,10.825479452054795,3.9676712328767123,1.0166641095890412,23.517808219178082,0.829041095890411
Herwijnen,2012,10.118852459016393,3.564207650273224,1.015417213114754,24.027322404371585,0.8404918032786886
Herwijnen,2013,9.655068493150685,3.5695890410958904,1.0153227397260274,19.627397260273973,0.8233698630136986
Herwijnen,2014,11.514794520547945,4.023835616438356,1.0134556164383561,20.438356164383563,0.8273424657534246
Herwijnen,2015,10.710684931506849,4.043835616438356,1.0174213698630137,25.67945205479452,0.8274246575342465
Herwijnen,2016,10.649180327868853,4.083879781420765,1.0160565573770493,19.459016393442624,0.8293989071038251
Herwijnen,2017,10.823013698630136,3.714246575342466,1.0161879452054794,21.838356164383562,0.8214794520547946
Herwijnen,2018,11.377260273972603,4.436712328767123,1.015417808219178,17.14246575342466,0.7863013698630137
Herwijnen,2019,3.473809523809524,2.4952380952380953,1.014145238095238,23.238095238095237,0.8819047619047619
Eindhoven,1984,9.64672131147541,2.0737704918032787,1.0137729508196722,28.21311475409836,0.8928688524590164
Eindhoven,1985,8.940547945205479,2.9945205479452053,1.0160545205479452,20.805479452054794,0.8384383561643836
Eindhoven,1986,9.371780821917808,3.1704109589041094,1.0159969863013698,21.898630136986302,0.7945205479452054
Eindhoven,1987,9.164383561643836,2.6446575342465755,1.0165180821917807,21.98904109589041,0.8317260273972603
Eindhoven,1988,10.425956284153006,2.5467213114754097,1.0151601092896174,23.23497267759563,0.8132786885245902
Eindhoven,1989,10.901369863013699,3.680821917808219,1.0174887671232877,15.852054794520548,0.7791780821917809
Eindhoven,1990,10.89587912087912,3.289010989010989,1.0168145604395604,16.326923076923077,0.7982967032967033
Eindhoven,1991,9.555890410958904,3.2605479452054795,1.0179846575342466,15.432876712328767,0.8074246575342465
Eindhoven,1992,10.381967213114754,3.223224043715847,1.0171065573770492,20.704918032786885,0.8058743169398908
Eindhoven,1993,9.858630136986301,3.351232876712329,1.0165668493150686,21.54794520547945,0.8324657534246576
Eindhoven,1994,10.922191780821917,3.449041095890411,1.015048493150685,22.07123287671233,0.8307123287671233
Eindhoven,1995,10.586849315068493,3.878082191780822,1.0155824657534247,20.013698630136986,0.8243287671232876
Eindhoven,1996,8.752185792349726,3.3918032786885246,1.0156161202185792,15.879781420765028,0.809016393442623
Eindhoven,1997,10.327671232876712,3.783287671232877,1.0169786301369863,17.076712328767123,0.8248767123287671
Eindhoven,1998,10.31972602739726,3.033972602739726,1.0153871232876712,26.167123287671235,0.845013698630137
Eindhoven,1999,10.944931506849315,3.689315068493151,1.014505205479452,22.134246575342466,0.8244109589041095
Eindhoven,2000,11.004918032786886,3.3030054644808744,1.0143106557377048,22.93169398907104,0.8140437158469945
Eindhoven,2001,10.498082191780822,3.3923287671232876,1.0151923287671232,24.90958904109589,0.8191780821917808
Eindhoven,2002,10.95972602739726,3.5013698630136987,1.01502,21.986301369863014,0.8141643835616438
Eindhoven,2003,10.760547945205479,4.510684931506849,1.0173791780821917,18.572602739726026,0.7755068493150685
Eindhoven,2004,10.384699453551912,3.512295081967213,1.0158781420765026,22.327868852459016,0.8070765027322404
Eindhoven,2005,10.792876712328766,3.9054794520547946,1.0172386301369862,19.17808219178082,0.811013698630137
Eindhoven,2006,11.266301369863013,3.671232876712329,1.0162093150684932,19.865753424657534,0.7915342465753424
Eindhoven,2007,11.215342465753425,3.556986301369863,1.0163227397260275,23.16986301369863,0.8056164383561644
Eindhoven,2008,10.62049180327869,3.6259562841530055,1.014935519125683,19.41256830601093,0.8032513661202186
Eindhoven,2009,10.63013698630137,3.8293150684931505,1.0143778082191781,20.052054794520547,0.7903013698630137
Eindhoven,2010,9.411506849315069,3.5665753424657534,1.013830410958904,20.704109589041096,0.7893698630136986
Eindhoven,2011,11.276986301369863,3.972054794520548,1.0169345205479452,20.01095890410959,0.7893698630136986
Eindhoven,2012,10.48032786885246,3.644262295081967,1.0157379781420766,23.204918032786885,0.8063387978142077
Eindhoven,2013,10.061369863013699,3.4465753424657533,1.0155109589041096,19.265753424657536,0.7885479452054794
Eindhoven,2014,11.807123287671233,3.8893150684931506,1.0137884931506849,22.235616438356164,0.7975068493150685
Eindhoven,2015,11.134246575342466,4.027123287671233,1.0177934246575342,18.78082191780822,0.7828493150684932
Eindhoven,2016,10.93551912568306,4.009562841530054,1.01635,22.85792349726776,0.8013661202185792
Eindhoven,2017,11.186027397260274,3.741917808219178,1.0165350684931507,19.736986301369864,0.7892876712328767
Eindhoven,2018,11.755890410958903,4.348219178082192,1.0155120547945204,17.265753424657536,0.748
Eindhoven,2019,3.4452380952380954,2.1476190476190475,1.0146095238095238,26,0.8654761904761905
Volkel,1993,9.752876712328767,3.3378082191780822,1.016458904109589,20.76164383561644,0.8376712328767123
Volkel,1994,10.76027397260274,3.362191780821918,1.0149027397260273,23.03835616438356,0.8339726027397261
Volkel,1995,10.453424657534246,3.952876712328767,1.0154279452054795,17.936986301369863,0.8266027397260274
Volkel,1996,8.521584699453552,3.4133879781420764,1.0156505464480874,16.44535519125683,0.8133879781420765
Volkel,1997,10.133698630136987,3.773698630136986,1.016927397260274,14.657534246575343,0.8189041095890411
Volkel,1998,10.207671232876713,3.087945205479452,1.0152386301369862,26.753424657534246,0.8515068493150685
Volkel,1999,10.777808219178082,3.744931506849315,1.0143887671232876,20.476712328767125,0.845013698630137
Volkel,2000,10.823224043715847,3.2699453551912567,1.014161475409836,23.650273224043715,0.8337431693989071
Volkel,2001,10.321917808219178,3.4575342465753423,1.0150586301369864,22.983561643835618,0.8261369863013699
Volkel,2002,10.639452054794521,3.5446575342465754,1.014973698630137,23.646575342465752,0.8323013698630137
Volkel,2003,10.473424657534247,4.476438356164383,1.0173293150684932,15.402739726027397,0.7836164383561643
Volkel,2004,10.237978142076503,3.525409836065574,1.0156726775956284,23.62568306010929,0.8178688524590164
Volkel,2005,10.578630136986302,3.9068493150684933,1.0170980821917808,20.8,0.8217260273972603
Volkel,2006,11.07013698630137,3.603835616438356,1.0161394520547946,19.216438356164385,0.8012054794520548
Volkel,2007,11.034246575342467,3.5153424657534247,1.0162180821917808,23.202739726027396,0.8258904109589041
Volkel,2008,10.190710382513661,3.63551912568306,1.0148530054644809,19.15846994535519,0.820792349726776
Volkel,2009,10.336986301369864,3.767123287671233,1.0142835616438357,18.838356164383562,0.8134794520547945
Volkel,2010,9.073424657534247,3.4632876712328766,1.0137457534246574,21.07945205479452,0.8028767123287671
Volkel,2011,10.85041095890411,4.034246575342466,1.0168260273972602,21.254794520547946,0.8023835616438356
Volkel,2012,10.217486338797814,3.6079234972677594,1.0156084699453551,23.065573770491802,0.8133879781420765
Volkel,2013,9.85068493150685,3.4027397260273973,1.015477808219178,18.83013698630137,0.7977534246575343
Volkel,2014,11.553424657534247,3.8783561643835616,1.013755890410959,21.09315068493151,0.8126301369863014
Volkel,2015,10.910410958904109,3.989041095890411,1.0176594520547946,20.646575342465752,0.7914794520547945
Volkel,2016,10.71256830601093,3.9937158469945353,1.016262568306011,22.153005464480874,0.8075956284153005
Volkel,2017,11.003561643835617,3.690958904109589,1.0164578082191782,21.589041095890412,0.7970136986301369
Volkel,2018,11.528219178082193,4.477260273972603,1.0155334246575343,16.153424657534245,0.7606027397260274
Volkel,2019,3.2214285714285715,2.2738095238095237,1.014302380952381,20.404761904761905,0.8740476190476191
Maastricht,1957,9.983287671232876,3.03013698630137,1.0166471232876713,24.764383561643836,0.7973424657534247
Maastricht,1958,9.658356164383562,2.9284931506849317,1.0148616438356164,24.34794520547945,0.8117534246575342
Maastricht,1959,10.545753424657534,4.064931506849315,1.0165265753424657,13.04931506849315,0.7522191780821917
Maastricht,1960,9.721584699453551,2.651912568306011,1.0131986338797814,27.215846994535518,0.8094262295081968
Maastricht,1961,10.211780821917808,3.0476712328767124,1.016054794520548,24.578082191780823,0.8145205479452055
Maastricht,1962,8.242191780821917,2.732054794520548,1.016722191780822,20.865753424657534,0.8007945205479452
Maastricht,1963,8.145479452054795,2.9326027397260273,1.0155328767123288,18.945205479452056,0.8032054794520548
Maastricht,1964,9.366939890710382,3.1562841530054646,1.0178155737704917,19.23224043715847,0.7780327868852459
Maastricht,1965,8.727123287671233,2.8687671232876713,1.0138150684931506,27.887671232876713,0.8225479452054795
Maastricht,1966,9.566575342465754,2.5986301369863014,1.0133041095890412,30.86849315068493,0.8369589041095891
Maastricht,1967,9.834520547945205,3.020821917808219,1.016073698630137,19.46301369863014,0.8144383561643835
Maastricht,1968,9.165573770491804,2.6040983606557377,1.0149527322404372,19.43169398907104,0.8098633879781421
Maastricht,1969,9.321643835616438,2.8934246575342466,1.014453698630137,18.83013698630137,0.7993698630136986
Maastricht,1970,9.231780821917809,2.7005479452054795,1.0144043835616439,23.55890410958904,0.817068493150685
Maastricht,1971,9.608767123287672,3.3293150684931505,1.0168279452054794,15.580821917808219,0.8113424657534246
Maastricht,1972,9.060655737704918,3.0833333333333335,1.0157975409836066,18.502732240437158,0.8142896174863388
Maastricht,1973,9.564383561643835,3.3095890410958906,1.0177279452054795,18.112328767123287,0.7858630136986301
Maastricht,1974,9.847123287671232,2.863013698630137,1.0141742465753425,25.087671232876712,0.8107945205479452
Maastricht,1975,9.724383561643835,3.3293150684931505,1.0175243835616439,17.865753424657534,0.8107123287671233
Maastricht,1976,10.170491803278688,3.676775956284153,1.0161754098360656,15.382513661202186,0.7672131147540984
Maastricht,1977,9.856712328767124,2.9016438356164382,1.015093698630137,22.12876712328767,0.8232602739726027
Maastricht,1978,8.995342465753424,2.772328767123288,1.0151071232876712,17.07123287671233,0.8473150684931506
Maastricht,1979,8.826027397260274,2.7010958904109588,1.0144342465753424,20.457534246575342,0.8138904109589041
Maastricht,1980,9.02103825136612,2.748360655737705,1.015326775956284,21.065573770491802,0.8093715846994536
Maastricht,1981,9.550684931506849,2.5375342465753423,1.0152120547945205,25.873972602739727,0.8181917808219178
Maastricht,1982,10.244109589041097,3.296986301369863,1.016669589041096,19.75890410958904,0.8132602739726027
Maastricht,1983,10.107123287671232,3.0852054794520547,1.0173613698630137,21.783561643835615,0.8231232876712329
Maastricht,1984,9.4,2.7237704918032786,1.0158811475409837,25.30327868852459,0.8200546448087431
Maastricht,1985,8.57123287671233,2.93013698630137,1.0166827397260274,18.764383561643836,0.7996986301369863
Maastricht,1986,9.164657534246576,3.0657534246575344,1.0162917808219178,19.36986301369863,0.8306027397260274
Maastricht,1987,8.92027397260274,2.541917808219178,1.0166375342465754,22.424657534246574,0.8303561643835616
Maastricht,1988,10.395628415300546,2.5560109289617485,1.0154642076502731,21.349726775956285,0.8176502732240437
Maastricht,1989,10.948493150684932,3.631780821917808,1.0178224657534247,17.284931506849315,0.7864383561643835
Maastricht,1990,10.785205479452054,3.3202739726027395,1.0172413698630136,18.232876712328768,0.7868219178082192
Maastricht,1991,9.626027397260273,3.203835616438356,1.0180808219178081,16.983561643835618,0.8216164383561644
Maastricht,1992,10.37896174863388,3.2286885245901638,1.0174131147540983,20.770491803278688,0.8284972677595629
Maastricht,1993,9.882739726027397,3.260821917808219,1.0168868493150685,21.931506849315067,0.8203287671232876
Maastricht,1994,11.047123287671234,3.3345205479452056,1.0154742465753424,19.24931506849315,0.8116986301369863
Maastricht,1995,10.74931506849315,3.681917808219178,1.0158731506849314,19.057534246575344,0.8173698630136986
Maastricht,1996,8.833333333333334,3.442896174863388,1.01574043715847,16.475409836065573,0.8026775956284153
Maastricht,1997,10.425205479452055,3.7194520547945205,1.0172706849315067,18.95068493150685,0.8027671232876712
Maastricht,1998,10.382465753424658,2.8794520547945206,1.0159383561643835,25.594520547945205,0.8303013698630137
Maastricht,1999,11.073150684931507,3.4438356164383563,1.0149635616438357,23.257534246575343,0.8035068493150684
Maastricht,2000,11.123497267759562,3.1737704918032787,1.014843442622951,24.046448087431695,0.808879781420765
Maastricht,2001,10.581369863013698,3.262191780821918,1.0155928767123288,25.03287671232877,0.8128493150684931
Maastricht,2002,11.093150684931507,3.3704109589041096,1.0153879452054795,26.224657534246575,0.7911780821917809
Maastricht,2003,10.981917808219178,4.578356164383561,1.0176191780821917,16.942465753424656,0.7612602739726028
Maastricht,2004,10.362568306010928,3.6398907103825136,1.0162724043715847,21.39071038251366,0.7954098360655738
Maastricht,2005,10.81013698630137,3.7739726027397262,1.017528493150685,16.53972602739726,0.780986301369863
Maastricht,2006,11.161917808219178,3.631780821917808,1.016529315068493,20.835616438356166,0.7834246575342466
Maastricht,2007,11.187397260273972,3.4857534246575343,1.0166367123287672,25.482191780821918,0.8027945205479452
Maastricht,2008,10.53743169398907,3.510655737704918,1.015333606557377,24.693989071038253,0.8058196721311476
Maastricht,2009,10.60027397260274,3.7010958904109588,1.0146556164383562,19.506849315068493,0.7841095890410958
Maastricht,2010,9.297808219178082,3.3432876712328765,1.0139646575342465,21.81917808219178,0.792958904109589
Maastricht,2011,11.193698630136986,3.9043835616438356,1.017306301369863,17.40821917808219,0.7706027397260274
Maastricht,2012,10.350546448087432,3.51775956284153,1.0161680327868852,21.316939890710383,0.7926775956284153
Maastricht,2013,9.894520547945206,3.3347945205479452,1.0157827397260273,17.41917808219178,0.7848493150684932
Maastricht,2014,11.727671232876713,3.8408219178082192,1.0141706849315069,22.21917808219178,0.7890410958904109
Maastricht,2015,11.123013698630137,4.050684931506849,1.0181531506849315,20.17808219178082,0.7729041095890411
Maastricht,2016,10.81775956284153,3.7885245901639344,1.0166639344262296,21.65846994535519,0.7947814207650273
Maastricht,2017,11.208219178082192,3.5846575342465754,1.0169794520547946,20.175342465753424,0.7780821917808219
Maastricht,2018,11.806027397260275,4.432602739726027,1.0156531506849316,16.057534246575344,0.7417260273972602
Maastricht,2019,2.9357142857142855,1.9928571428571429,1.0151714285714286,25.142857142857142,0.8685714285714285
